{"ts":1697271180484,"data":{"_tab_change_fde7065424764fe68555e2495faf3b5a__current_panel_name_":"scx.new.study","_tab_change_fde7065424764fe68555e2495faf3b5a__urls_":"o[\"https://mooc1.chaoxing.com/mycourse/studentstudy?chapterId=455239782&courseId=219178462&clazzid=80712242&cpi=261627054&enc=4b48d412923fe1e3ea007a6a8ef93084&mooc2=1&openc=c408f71d137d10d394cc8cb25ed0423b\",\"https://pan-yz.chaoxing.com/screen/file_e145e106a7d5ac9544e9cfe46559a4e4?ext=%7B%22_from_%22%3A%22219178462_80712242_121709289_4b48d412923fe1e3ea007a6a8ef93084%22%7D\",\"https://mooc1.chaoxing.com/mooc-ans/knowledge/cards?clazzid=80712242&courseid=219178462&knowledgeid=455239783&num=0&ut=&cpi=&v=20160407-3&mooc2=1\",\"https://mooc1.chaoxing.com/mooc-ans/knowledge/cards?clazzid=80712242&courseid=219178462&knowledgeid=455239782&num=0&ut=s&cpi=261627054&v=20160407-3&mooc2=1\",\"https://pan-yz.chaoxing.com/screen/file_e145e106a7d5ac9544e9cfe46559a4e4?ext=%7B%22_from_%22%3A%22219178462_80712242_121709289_4b48d412923fe1e3ea007a6a8ef93084%22%7D\"]","background.app.closeSync":"btrue","background.app.connected":"bfalse","background.app.notes":"s<ul><li><span>如果您使用<a href=\"https://docs.ocsjs.com/docs/app\" target=\"_blank\">OCS桌面软件</a>启动浏览器，并使用此脚本，</span><div>我们会同步软件中的配置到此脚本上，方便多个浏览器的管理。</div><div>窗口设置以及后台面板所有设置不会进行同步。</div></li><li><div>如果不是，您可以忽略此脚本。</div></li></ul>","background.app.sync":"bfalse","background.dev.notes":"s开发人员调试用。<br>注入OCS_CONTEXT全局变量。用户可忽略此页面。","background.update.autoNotify":"btrue","background.update.ignoreVersions":"o[\"4.6.4\",\"4.6.10\"]","background.update.notToday":"n24","background.update.notes":"s脚本自动更新模块，如果有新的版本会自动通知。","common.apps.localQuestionCaches":"o[{\"title\": \"不同对象对同一句话的理解是不同的。()\",\"answer\": \"正确\",\"from\": \"网课小工具题库（GO题）\",\"homepage\": \"https://cx.icodef.com/\"},{\"title\": \"人不应该有不好的情绪。()\",\"answer\": \"错误\",\"from\": \"网课小工具题库（GO题）\",\"homepage\": \"https://cx.icodef.com/\"},{\"title\": \"在马斯洛的需要层次理论中,最低层次的需求是()。\",\"answer\": \"生理需求\",\"from\": \"网课小工具题库（GO题）\",\"homepage\": \"https://cx.icodef.com/\"},{\"title\": \"以下不属于产生情绪所需要经历的阶段是()。\",\"answer\": \"行为表现\",\"from\": \"网课小工具题库（GO题）\",\"homepage\": \"https://cx.icodef.com/\"},{\"title\": \"认知的改变有个基本的常识,即在你控制范围内的事情,不用担心;不在你控制范围内的事情,也不用担心。()\",\"answer\": \"正确\",\"from\": \"网课小工具题库（GO题）\",\"homepage\": \"https://cx.icodef.com/\"},{\"title\": \"在找工作时,求职者在心理上处于绝对弱势的状态是很正常的。()\",\"answer\": \"错误\",\"from\": \"网课小工具题库（GO题）\",\"homepage\": \"https://cx.icodef.com/\"},{\"title\": \"那些背叛过我们的人,是永无可能再成为我们的朋友的。()\",\"answer\": \"错误\",\"from\": \"网课小工具题库（GO题）\",\"homepage\": \"https://cx.icodef.com/\"},{\"title\": \"缓解不快画面的方法不包括()。\",\"answer\": \"尽力删除相关回忆\",\"from\": \"网课小工具题库（GO题）\",\"homepage\": \"https://cx.icodef.com/\"},{\"title\": \"有关心理控制源与幸福感的研究有两种结果:西方研究者认为外控者的幸福感较高,中国研究者认为内控者的幸福感较高。()\",\"answer\": \"错误\",\"from\": \"网课小工具题库（GO题）\",\"homepage\": \"https://cx.icodef.com/\"},{\"title\": \"当你有不真实的正性自我控制时,往往导向不太好的结果。()\",\"answer\": \"错误\",\"from\": \"网课小工具题库（GO题）\",\"homepage\": \"https://cx.icodef.com/\"},{\"title\": \"按照本·沙哈尔提出的幸福模型,中国人大致属于()。\",\"answer\": \"忙碌奔波型\",\"from\": \"网课小工具题库（GO题）\",\"homepage\": \"https://cx.icodef.com/\"},{\"title\": \"在艾里斯的ABCD理论中,B是指()。\",\"answer\": \"自我信念\",\"from\": \"网课小工具题库（GO题）\",\"homepage\": \"https://cx.icodef.com/\"},{\"title\": \"学会原谅、多行善事能很好地提升一个人的幸福感。()\",\"answer\": \"正确\",\"from\": \"网课小工具题库（GO题）\",\"homepage\": \"https://cx.icodef.com/\"},{\"title\": \"为了提升幸福,我们不应该()。\",\"answer\": \"攀比、多虑\",\"from\": \"网课小工具题库（GO题）\",\"homepage\": \"https://cx.icodef.com/\"},{\"title\": \"泰勒·本-沙哈尔关于快乐的六点秘诀中不包含()。\",\"answer\": \"越复杂越好\",\"from\": \"网课小工具题库（GO题）\",\"homepage\": \"https://cx.icodef.com/\"},{\"title\": \"完成事情或达成目标后产生的阶段性的压力缓解感觉其实只是幸福的假象，并不是真正的幸福。\",\"answer\": \"正确\",\"from\": \"网课小工具题库（GO题）\",\"homepage\": \"https://cx.icodef.com/\"},{\"title\": \"下列关于幸福的说法，错误的是？（）\",\"answer\": \"一个人如果拥有负面情感，就再也不会幸福\",\"from\": \"网课小工具题库（GO题）\",\"homepage\": \"https://cx.icodef.com/\"},{\"title\": \"认为自己达成目标就可以幸福的人，在本·沙哈尔的幸福模型图中，属于哪一类型？（）\",\"answer\": \"忙碌奔波型\",\"from\": \"网课小工具题库（GO题）\",\"homepage\": \"https://cx.icodef.com/\"},{\"title\": \"价值观的形成属于社会的责任。()\",\"answer\": \"错误\",\"from\": \"网课小工具题库（GO题）\",\"homepage\": \"https://cx.icodef.com/\"},{\"title\": \"一般而言,有目标的人与没目标的人相比,成功率()。\",\"answer\": \"更高\",\"from\": \"网课小工具题库（GO题）\",\"homepage\": \"https://cx.icodef.com/\"},{\"title\": \"当一个人以()和自主追求的方式来追求目标的时候,主观幸福感才会增加。\",\"answer\": \"内在价值\",\"from\": \"网课小工具题库（GO题）\",\"homepage\": \"https://cx.icodef.com/\"},{\"title\": \"口头上的承诺会()。\",\"answer\": \"加强成功的几率\",\"from\": \"网课小工具题库（GO题）\",\"homepage\": \"https://cx.icodef.com/\"},{\"title\": \"根据研究，不同国家的人的相对幸福程度随着其财富的相对多少而变化，而且这个变化是没有限度的，越发达的国家人民越有财富、越幸福。\",\"answer\": \"错误\",\"from\": \"网课小工具题库（GO题）\",\"homepage\": \"https://cx.icodef.com/\"},{\"title\": \"比起相容性，差异性对婚姻的影响更大，互补的婚姻更加稳定。\",\"answer\": \"正确\",\"from\": \"网课小工具题库（GO题）\",\"homepage\": \"https://cx.icodef.com/\"},{\"title\": \"根据研究发现，个体支持利用度对（）有较好的预测作用。\",\"answer\": \"正向情感#快乐感#负向情感\",\"from\": \"网课小工具题库（GO题）\",\"homepage\": \"https://cx.icodef.com/\"},{\"title\": \"胸式呼吸可以让人开始改变、接受、准备出发。()\",\"answer\": \"错误\",\"from\": \"网课小工具题库（GO题）\",\"homepage\": \"https://cx.icodef.com/\"},{\"title\": \"内在自我的两个部分是()。\",\"answer\": \"思考自我和观察自我\",\"from\": \"网课小工具题库（GO题）\",\"homepage\": \"https://cx.icodef.com/\"},{\"title\": \"认知改变的开始是(   )。\",\"answer\": \"接受\",\"from\": \"网课小工具题库（GO题）\",\"homepage\": \"https://cx.icodef.com/\"},{\"title\": \"下列属于观察自我的()。\",\"answer\": \"我知道我很失败\",\"from\": \"网课小工具题库（GO题）\",\"homepage\": \"https://cx.icodef.com/\"},{\"title\": \"中国古代民间爱情故事表明了中国自古以来女性的地位就很高，可以扬名立万、取得成就。\",\"answer\": \"错误\",\"from\": \"网课小工具题库（GO题）\",\"homepage\": \"https://cx.icodef.com/\"},{\"title\": \"以外貌形式来选拔人才，这种现象折射了男权社会的特征。\",\"answer\": \"正确\",\"from\": \"网课小工具题库（GO题）\",\"homepage\": \"https://cx.icodef.com/\"},{\"title\": \"如果想要改变自卑,首先要做的是接纳自己目前自卑的状态。()\",\"answer\": \"正确\",\"from\": \"网课小工具题库（GO题）\",\"homepage\": \"https://cx.icodef.com/\"},{\"title\": \"当更有价值的事情受到妨碍时,应放弃使用控制策略。()\",\"answer\": \"正确\",\"from\": \"网课小工具题库（GO题）\",\"homepage\": \"https://cx.icodef.com/\"},{\"title\": \"在亲密关系中,从来不争吵发脾气的人,可能积累了更多负面情绪。()\",\"answer\": \"正确\",\"from\": \"网课小工具题库（GO题）\",\"homepage\": \"https://cx.icodef.com/\"},{\"title\": \"PTSD是指()。\",\"answer\": \"创伤后应激障碍\",\"from\": \"网课小工具题库（GO题）\",\"homepage\": \"https://cx.icodef.com/\"},{\"title\": \"恐惧是可以消除的。()\",\"answer\": \"错误\",\"from\": \"网课小工具题库（GO题）\",\"homepage\": \"https://cx.icodef.com/\"},{\"title\": \"在中国,成年人普遍很善于处理愤怒和悲伤。()\",\"answer\": \"错误\",\"from\": \"网课小工具题库（GO题）\",\"homepage\": \"https://cx.icodef.com/\"},{\"title\": \"路斯·哈里斯《幸福是陷阱？》一书中提到幸福有四个“神话”陷阱，其中不包括（）。\",\"answer\": \"你不需要控制你的思想和情绪\",\"from\": \"网课小工具题库（GO题）\",\"homepage\": \"https://cx.icodef.com/\"},{\"title\": \"自我实现的预言,是我们对自己和他人的期望的可能结果。()\",\"answer\": \"正确\",\"from\": \"网课小工具题库（GO题）\",\"homepage\": \"https://cx.icodef.com/\"},{\"title\": \"个人改变的意义主要集中于目标的达成,而不是体现在实现目标的过程当中。()\",\"answer\": \"错误\",\"from\": \"网课小工具题库（GO题）\",\"homepage\": \"https://cx.icodef.com/\"},{\"title\": \"无论改变的愿望有多大,一切都应从()开始。\",\"answer\": \"自我\",\"from\": \"网课小工具题库（GO题）\",\"homepage\": \"https://cx.icodef.com/\"},{\"title\": \"皮格马利翁效应曾被()用于中小学的教学实验中。\",\"answer\": \"罗森塔尔\",\"from\": \"网课小工具题库（GO题）\",\"homepage\": \"https://cx.icodef.com/\"},{\"title\": \"器质性乐观主要指对于事件的解释风格。()\",\"answer\": \"错误\",\"from\": \"网课小工具题库（GO题）\",\"homepage\": \"https://cx.icodef.com/\"},{\"title\": \"自我贬损其实是一种过度防御。()\",\"answer\": \"正确\",\"from\": \"网课小工具题库（GO题）\",\"homepage\": \"https://cx.icodef.com/\"},{\"title\": \"如果把自己的行为倾向做外归因,属于自我防御的归因。()\",\"answer\": \"正确\",\"from\": \"网课小工具题库（GO题）\",\"homepage\": \"https://cx.icodef.com/\"},{\"title\": \"相比对事物的认知,情绪受外部直接的刺激的影响更大。()\",\"answer\": \"错误\",\"from\": \"网课小工具题库（GO题）\",\"homepage\": \"https://cx.icodef.com/\"},{\"title\": \"人类所有的情绪都可以处于大脑皮层的控制之下。()\",\"answer\": \"错误\",\"from\": \"网课小工具题库（GO题）\",\"homepage\": \"https://cx.icodef.com/\"},{\"title\": \"在研究神经递质对积极情感影响中,发现()会减轻痛苦,加速心跳。\",\"answer\": \"内啡肽\",\"from\": \"网课小工具题库（GO题）\",\"homepage\": \"https://cx.icodef.com/\"},{\"title\": \"在研究神经递质对积极情感影响中,发现()是积极情感的传递素,但产生过多会使人躁狂。\",\"answer\": \"复合胺\",\"from\": \"网课小工具题库（GO题）\",\"homepage\": \"https://cx.icodef.com/\"},{\"title\": \"在不开心的时候,即使持续的微笑也无济于事,因为大脑无法被欺骗。()\",\"answer\": \"错误\",\"from\": \"网课小工具题库（GO题）\",\"homepage\": \"https://cx.icodef.com/\"},{\"title\": \"所谓“裂脑人”,是指()出现了问题。\",\"answer\": \"胼胝体\",\"from\": \"网课小工具题库（GO题）\",\"homepage\": \"https://cx.icodef.com/\"},{\"title\": \"在大脑中,放大恐惧性情绪主要是()工作的结果。\",\"answer\": \"杏仁核\",\"from\": \"网课小工具题库（GO题）\",\"homepage\": \"https://cx.icodef.com/\"},{\"title\": \"参加休闲和运动组织活动可以带来更高的幸福感。()\",\"answer\": \"正确\",\"from\": \"网课小工具题库（GO题）\",\"homepage\": \"https://cx.icodef.com/\"},{\"title\": \"受教育水平跟人们的幸福感关系不大,特别是在发展中国家。()\",\"answer\": \"错误\",\"from\": \"网课小工具题库（GO题）\",\"homepage\": \"https://cx.icodef.com/\"},{\"title\": \"财富只会增加而不会减少人们的幸福感。()\",\"answer\": \"错误\",\"from\": \"网课小工具题库（GO题）\",\"homepage\": \"https://cx.icodef.com/\"},{\"title\": \"本·沙哈尔博士认为有两种学习模式,分别是()。\",\"answer\": \"溺水模式和享乐模式\",\"from\": \"网课小工具题库（GO题）\",\"homepage\": \"https://cx.icodef.com/\"},{\"title\": \"不确定性与风险,是影响幸福感的一个重要因素。()\",\"answer\": \"正确\",\"from\": \"网课小工具题库（GO题）\",\"homepage\": \"https://cx.icodef.com/\"},{\"title\": \"不确定性与风险,是影响幸福感的一个重要因素。()\",\"answer\": \"是\\n \\n\",\"from\": \"言溪题库\",\"homepage\": \"https://tk.enncy.cn/\"},{\"title\": \"在灾难发生后,创伤后应激障碍的发生概率与受到的社会救援有关。()\",\"answer\": \"正确\",\"from\": \"网课小工具题库（GO题）\",\"homepage\": \"https://cx.icodef.com/\"},{\"title\": \"在灾难发生后,创伤后应激障碍的发生概率与受到的社会救援有关。()\",\"answer\": \"√\\n \\n\",\"from\": \"言溪题库\",\"homepage\": \"https://tk.enncy.cn/\"},{\"title\": \"在塞利格曼的研究中,最幸福的10%的大学生最与众不同之处就在于他们()。\",\"answer\": \"有丰富充实的社会生活\",\"from\": \"网课小工具题库（GO题）\",\"homepage\": \"https://cx.icodef.com/\"},{\"title\": \"在塞利格曼的研究中,最幸福的10%的大学生最与众不同之处就在于他们()。\",\"answer\": \"有丰富充实的社会生活\\n \\n\",\"from\": \"言溪题库\",\"homepage\": \"https://tk.enncy.cn/\"},{\"title\": \"十一届三中全会增选的中央政治局委员有( )\",\"answer\": \"邓颖超;王震;胡耀邦\\n\\n\",\"from\": \"言溪题库\",\"homepage\": \"https://tk.enncy.cn/\"},{\"title\": \"党中央第二代领导集体的成员有( )\",\"answer\": \"邓小平;叶剑英;李先念;陈云\\n\\n\",\"from\": \"言溪题库\",\"homepage\": \"https://tk.enncy.cn/\"},{\"title\": \"十一届三中全会的主要贡献是（ ）\",\"answer\": \"形成了以邓小平为核心的党中央第二代领导集体;实行改革开放;决定把党和国家的工作重点转移到经济建设上来\\n\\n\",\"from\": \"言溪题库\",\"homepage\": \"https://tk.enncy.cn/\"},{\"title\": \"十一届三中全会选举（ ）为中央纪委第一书记\",\"answer\": \"陈云\\n\\n\",\"from\": \"言溪题库\",\"homepage\": \"https://tk.enncy.cn/\"},{\"title\": \"解放思想实事求是是中国共产党的（ ）\",\"answer\": \"思想路线\\n\\n\",\"from\": \"言溪题库\",\"homepage\": \"https://tk.enncy.cn/\"},{\"title\": \"十一届三中全会召开的时间是（ ）\",\"answer\": \"1978年12月19日-23日\\n\\n\",\"from\": \"言溪题库\",\"homepage\": \"https://tk.enncy.cn/\"},{\"title\": \"十一届三中全会形成了以邓小平为核心的党中央第二代领导集体\",\"answer\": \"对\",\"from\": \"言溪题库\",\"homepage\": \"https://tk.enncy.cn/\"},{\"title\": \"党的十一大决定把党的工作重点转移到经济建设上来\",\"answer\": \"错\\n\\n\",\"from\": \"言溪题库\",\"homepage\": \"https://tk.enncy.cn/\"},{\"title\": \"《解放思想，实事求是，团结一致向前看》实际上是十一届三中全会的主题报告\",\"answer\": \"对\\n\\n\",\"from\": \"言溪题库\",\"homepage\": \"https://tk.enncy.cn/\"},{\"title\": \"1978年，邓小平在东北视察的地方有（ ）\",\"answer\": \"大庆油田 --- 吉林长春 --- 辽宁沈阳 --- 辽宁鞍山\",\"from\": \"言溪题库\",\"homepage\": \"https://tk.enncy.cn/\"},{\"title\": \"1956年，邓小平在党的八届一中全会上当选为（ ）\",\"answer\": \"中央委员中央政治局委员中央政治局常委中央总书记\\n \\n\",\"from\": \"言溪题库\",\"homepage\": \"https://tk.enncy.cn/\"},{\"title\": \"中央确定从何时起把党和国家的工作重点转移到经济建设上来？\",\"answer\": \"1979年1月1日\\n \\n\",\"from\": \"言溪题库\",\"homepage\": \"https://tk.enncy.cn/\"},{\"title\": \"农村实行的“包产到户”、“包干到户”在内的各种生产责任制都是社会主义集体经济的生产责任制。\",\"answer\": \"对\\n \\n\",\"from\": \"言溪题库\",\"homepage\": \"https://tk.enncy.cn/\"},{\"title\": \"改革开放初期，市场并没有完全走出短缺经济状态。\",\"answer\": \"对\\n \\n \",\"from\": \"言溪题库\",\"homepage\": \"https://tk.enncy.cn/\"},{\"title\": \"恢复高考是哪一年开始的？\",\"answer\": \"1977年\",\"from\": \"言溪题库\",\"homepage\": \"https://tk.enncy.cn/\"},{\"title\": \"下列有关“社会主义初级阶段”理论，表述正确的是（ ）\",\"answer\": \"这是我国在生产力落后、商品经济不发达条件下建设社会主义必然要经历的特定阶段从生产资料私有制的社会主义改造基本完成，到社会主义现代化的基本实现，至少需要上百年时间，都属于这个阶段阶级斗争在一定范围内还会存在，但不是主要矛盾党和国家的主要任务是发展生产力，推进社会主义现代化建设\\n \\n\",\"from\": \"言溪题库\",\"homepage\": \"https://tk.enncy.cn/\"},{\"title\": \"下列有关“走自己的路，建设中国特色社会主义”表述，正确的是（ ）\",\"answer\": \"对外实行开放政策;对内搞活经济;党的十二大上确立的根本指导思想;对妨碍中国解放生产力，发展生产力的旧的经济体制进行有系统的改革\\n\\n\",\"from\": \"言溪题库\",\"homepage\": \"https://tk.enncy.cn/\"},{\"title\": \"邓小平一生坎坷，经历了政治上的（）\",\"answer\": \"三落三起\\n\\n\",\"from\": \"言溪题库\",\"homepage\": \"https://tk.enncy.cn/\"},{\"title\": \"我国创办的第一批经济特区，包括以下哪些城市？\",\"answer\": \"深圳#珠海#汕头#厦门 \",\"from\": \"言溪题库\",\"homepage\": \"https://tk.enncy.cn/\"},{\"title\": \"贫穷不是社会主义。\",\"answer\": \"对\",\"from\": \"言溪题库\",\"homepage\": \"https://tk.enncy.cn/\"},{\"title\": \"中国改革的发明权属于农民。\",\"answer\": \"对\\n\\n\",\"from\": \"言溪题库\",\"homepage\": \"https://tk.enncy.cn/\"},{\"title\": \"解放思想、实事求是是马克思主义的精髓。\",\"answer\": \"对\\n \\n\",\"from\": \"言溪题库\",\"homepage\": \"https://tk.enncy.cn/\"},{\"title\": \"改革开放初期，中国对外开放的第一个地方是在香港\",\"answer\": \"错\\n\\n\",\"from\": \"言溪题库\",\"homepage\": \"https://tk.enncy.cn/\"},{\"title\": \"建设中国特色社会主义的实践，是在党和广大人民群众的创造中一步一步前行的。\",\"answer\": \"对\\n\\n\",\"from\": \"言溪题库\",\"homepage\": \"https://tk.enncy.cn/\"},{\"title\": \"社会实践并不是检验真理的唯一标准。\",\"answer\": \"错\\n\\n\",\"from\": \"言溪题库\",\"homepage\": \"https://tk.enncy.cn/\"},{\"title\": \"下列有关农村家庭联产承包责任制的特点，表述正确的是( )\",\"answer\": \"受到农民普遍欢迎，提高了农民的劳动热情;农民获得了生产和分配的自主权;促进了农业生产的发展\\n\\n\",\"from\": \"言溪题库\",\"homepage\": \"https://tk.enncy.cn/\"},{\"title\": \"小岗村的村民是冒着大无畏的精神，实施包干到户的生产模式，反映出的正是广大农民渴求富裕，呼唤变革的迫切心愿。\",\"answer\": \"对\\n\\n\",\"from\": \"言溪题库\",\"homepage\": \"https://tk.enncy.cn/\"},{\"title\": \"邓小平是中国社会主义改革开放的总设计师。\",\"answer\": \"对\\n \\n\",\"from\": \"言溪题库\",\"homepage\": \"https://tk.enncy.cn/\"}]","common.apps.notes":"s这里是一些其他的应用或者拓展功能。","common.guide.notes":"uundefined","common.online-search.notes":"s查题前请在 “通用-全局设置” 中设置题库配置，才能进行在线搜题。","common.online-search.selectSearch":"btrue","common.online-search.selection":"s","common.settings.answererWrappers":"o[{\"name\": \"言溪题库\",\"homepage\": \"https://tk.enncy.cn/\",\"url\": \"https://tk.enncy.cn/query\",\"method\": \"get\",\"type\": \"GM_xmlhttpRequest\",\"contentType\": \"json\",\"data\": {\"token\": \"96a3d25119944e8b9568ae9710f0403f\",\"title\": \"${title}\",\"options\": \"${options}\",\"type\": \"${type}\"},\"handler\": \"return (res)=>res.code === 0 ? [res.data.answer, undefined] : [res.data.question,res.data.answer]\"},{\"name\": \"网课小工具题库（GO题）\",\"homepage\": \"https://cx.icodef.com/\",\"url\": \"http://cx.icodef.com/wyn-nb?v=4\",\"method\": \"post\",\"type\": \"GM_xmlhttpRequest\",\"data\": {\"question\": \"${title}\"},\"headers\": {\"Content-Type\": \"application/x-www-form-urlencoded\",\"Authorization\": \"\"},\"handler\": \"return  (res)=> res.code === 1 ? [undefined,res.data] : [res.msg,undefined]\"}]","common.settings.answererWrappersButton":"s点击配置","common.settings.disabledAnswererWrapperNames":"o[\"网课小工具题库（GO题）\"]","common.settings.enableQuestionCaches":"btrue","common.settings.notes":"s<ul><li><div>✨鼠标移动到按钮或者输入框，可以看到提示！</div></li><li><div>想要自动答题必须设置 “题库配置” </div></li><li><div>设置后进入章节测试，作业，考试页面即可自动答题。</div></li></ul>","common.settings.notification":"btrue","common.settings.period":"n3","common.settings.randomWork-choice":"btrue","common.settings.randomWork-complete":"bfalse","common.settings.randomWork-completeTexts-textarea":"s不会\n不知道\n不清楚\n不懂\n不会写","common.settings.redundanceWordsText":"s单选题(必考)\n填空题(必考)\n多选题(必考)","common.settings.stopSecondWhenFinish":"n3","common.settings.thread":"n1","common.settings.upload":"ssave","common.settings.work-when-no-job":"bfalse","common.work-results.currentResultIndex":"n0","common.work-results.notes":"s<ul><li><div>点击题目序号，查看搜索结果</div></li><li><div>每次自动答题开始前，都会清空上一次的搜索结果。</div></li></ul>","common.work-results.questionPositionSyncHandlerType":"uundefined","common.work-results.requestIndex":"n2","common.work-results.resolverIndex":"n2","common.work-results.totalQuestionCount":"n3","common.work-results.type":"squestions","cx.guide.notes":"s请手动进入视频、作业、考试页面，脚本会自动运行。","cx.new.auto-read.notes":"s<ul><li><div>阅读任务次日才会统计阅读时长</div></li></ul>","cx.new.auto-read.restartAfterFinish":"bfalse","cx.new.study-dispatcher.notes":"uundefined","cx.new.study.autoNextPage":"btrue","cx.new.study.enableChapterTest":"btrue","cx.new.study.enableMedia":"btrue","cx.new.study.enablePPT":"btrue","cx.new.study.notes":"s<ul><li><div>自动答题前请在 “通用-全局设置” 中设置题库配置。</div></li><li><div>任务点不是顺序执行，如果某一个任务没有动</div><div>请查看是否有其他任务正在学习，耐心等待即可。</div></li><li><div>闯关模式请注意题库如果没完成，需要自己完成才能解锁章节。</div></li><li><div>不要最小化浏览器，可能导致脚本暂停。</div></li></ul>","cx.new.study.playbackRate":"s1","cx.new.study.reloadVideoWhenError":"btrue","cx.new.study.restudy":"btrue","cx.new.study.showTextareaWhenEdit":"btrue","cx.new.study.volume":"n0","cx.new.work.notes":"s<ul><li><div>自动答题前请在 “通用-全局设置” 中设置题库配置。</div></li><li><div>可以搭配 “通用-在线搜题” 一起使用。</div></li></ul>","icve.guide.notes":"s<ul><li><div>请点击任意课程进入。</div></li></ul>","icve.study.main.expandAll":"btrue","icve.study.main.notes":"s<ul><li><div>如果视频无法播放，可以手动点击其他任务跳过视频。</div></li><li><div>经过测试视频倍速最多二倍，否则会判定无效。</div></li><li><div>手动进入作业页面才能使用自动答题。</div></li></ul>","icve.study.main.playbackRate":"n1","icve.study.main.restudy":"bfalse","icve.study.main.showScrollBar":"btrue","icve.study.main.switchPeriod":"n10","icve.study.main.volume":"n0","icve.work.notes":"s<ul><li><div>自动答题前请在 “通用-全局设置” 中设置题库配置。</div></li><li><div>可以搭配 “通用-在线搜题” 一起使用。</div></li><li><div>请手动进入作业考试页面才能使用自动答题。</div></li></ul>","notes":"s<ul><li><div>请手动点击进入阅读任务点</div></li><li><div>阅读任务点通常需要挂机一小时</div></li><li><div>等待完成后次日才会统计阅读时长</div></li></ul>","render.console.logs":"o[{\"type\": \"info\",\"content\": \"完成率 100.00 :  5秒后将自动保存 \",\"time\": 1697087555188,\"stack\": \"\\n    at Proxy.<anonymous> (chrome-extension://iikmkjmpaadaobahmlepeloendndfphd/userscript.html?name=OCS-%25E7%25BD%2591%25E8%25AF%25BE%25E5%258A%25A9%25E6%2589%258B.user.js&id=7b799955-d64b-4a49-affb-79e5776c8306:6861:19)\\n    at callback (chrome-extension://iikmkjmpaadaobahmlepeloendndfphd/userscript.html?name=OCS-%25E7%25BD%2591%25E8%25AF%25BE%25E5%258A%25A9%25E6%2589%258B.user.js&id=7b799955-d64b-4a49-affb-79e5776c8306:11827:18)\\n    at OCSWorker.uploadHandler (chrome-extension://iikmkjmpaadaobahmlepeloendndfphd/userscript.html?name=OCS-%25E7%25BD%2591%25E8%25AF%25BE%25E5%258A%25A9%25E6%2589%258B.user.js&id=7b799955-d64b-4a49-affb-79e5776c8306:2753:17)\\n    at chapterTestTask (chrome-extension://iikmkjmpaadaobahmlepeloendndfphd/userscript.html?name=OCS-%25E7%25BD%2591%25E8%25AF%25BE%25E5%258A%25A9%25E6%2589%258B.user.js&id=7b799955-d64b-4a49-affb-79e5776c8306:11823:18)\\n    at async runJobs (chrome-extension://iikmkjmpaadaobahmlepeloendndfphd/userscript.html?name=OCS-%25E7%25BD%2591%25E8%25AF%25BE%25E5%258A%25A9%25E6%2589%258B.user.js&id=7b799955-d64b-4a49-affb-79e5776c8306:11451:11)\\n    at async study (chrome-extension://iikmkjmpaadaobahmlepeloendndfphd/userscript.html?name=OCS-%25E7%25BD%2591%25E8%25AF%25BE%25E5%258A%25A9%25E6%2589%258B.user.js&id=7b799955-d64b-4a49-affb-79e5776c8306:11466:5)\\n    at async Script.oncomplete (chrome-extension://iikmkjmpaadaobahmlepeloendndfphd/userscript.html?name=OCS-%25E7%25BD%2591%25E8%25AF%25BE%25E5%258A%25A9%25E6%2589%258B.user.js&id=7b799955-d64b-4a49-affb-79e5776c8306:10894:13)\"},{\"type\": \"error\",\"content\": \"未知错误 TypeError: frameWindow.noSubmit is not a function\",\"time\": 1697087560193,\"stack\": \"\\n    at Proxy.<anonymous> (chrome-extension://iikmkjmpaadaobahmlepeloendndfphd/userscript.html?name=OCS-%25E7%25BD%2591%25E8%25AF%25BE%25E5%258A%25A9%25E6%2589%258B.user.js&id=7b799955-d64b-4a49-affb-79e5776c8306:6861:19)\\n    at runJobs (chrome-extension://iikmkjmpaadaobahmlepeloendndfphd/userscript.html?name=OCS-%25E7%25BD%2591%25E8%25AF%25BE%25E5%258A%25A9%25E6%2589%258B.user.js&id=7b799955-d64b-4a49-affb-79e5776c8306:11453:20)\\n    at async study (chrome-extension://iikmkjmpaadaobahmlepeloendndfphd/userscript.html?name=OCS-%25E7%25BD%2591%25E8%25AF%25BE%25E5%258A%25A9%25E6%2589%258B.user.js&id=7b799955-d64b-4a49-affb-79e5776c8306:11466:5)\\n    at async Script.oncomplete (chrome-extension://iikmkjmpaadaobahmlepeloendndfphd/userscript.html?name=OCS-%25E7%25BD%2591%25E8%25AF%25BE%25E5%258A%25A9%25E6%2589%258B.user.js&id=7b799955-d64b-4a49-affb-79e5776c8306:10894:13)\"},{\"type\": \"info\",\"content\": \"页面任务点已完成，即将切换下一章。\",\"time\": 1697087562208,\"stack\": \"\\n    at Proxy.<anonymous> (chrome-extension://iikmkjmpaadaobahmlepeloendndfphd/userscript.html?name=OCS-%25E7%25BD%2591%25E8%25AF%25BE%25E5%258A%25A9%25E6%2589%258B.user.js&id=7b799955-d64b-4a49-affb-79e5776c8306:6861:19)\\n    at study (chrome-extension://iikmkjmpaadaobahmlepeloendndfphd/userscript.html?name=OCS-%25E7%25BD%2591%25E8%25AF%25BE%25E5%258A%25A9%25E6%2589%258B.user.js&id=7b799955-d64b-4a49-affb-79e5776c8306:11503:16)\\n    at async Script.oncomplete (chrome-extension://iikmkjmpaadaobahmlepeloendndfphd/userscript.html?name=OCS-%25E7%25BD%2591%25E8%25AF%25BE%25E5%258A%25A9%25E6%2589%258B.user.js&id=7b799955-d64b-4a49-affb-79e5776c8306:10894:13)\"},{\"type\": \"log\",\"content\": \"即将重新播放 :  30.flv\",\"time\": 1697087572240,\"stack\": \"\\n    at Proxy.<anonymous> (chrome-extension://iikmkjmpaadaobahmlepeloendndfphd/userscript.html?name=OCS-%25E7%25BD%2591%25E8%25AF%25BE%25E5%258A%25A9%25E6%2589%258B.user.js&id=7b799955-d64b-4a49-affb-79e5776c8306:6861:19)\\n    at Object.func (chrome-extension://iikmkjmpaadaobahmlepeloendndfphd/userscript.html?name=OCS-%25E7%25BD%2591%25E8%25AF%25BE%25E5%258A%25A9%25E6%2589%258B.user.js&id=7b799955-d64b-4a49-affb-79e5776c8306:11556:28)\\n    at runJobs (chrome-extension://iikmkjmpaadaobahmlepeloendndfphd/userscript.html?name=OCS-%25E7%25BD%2591%25E8%25AF%25BE%25E5%258A%25A9%25E6%2589%258B.user.js&id=7b799955-d64b-4a49-affb-79e5776c8306:11451:21)\\n    at study (chrome-extension://iikmkjmpaadaobahmlepeloendndfphd/userscript.html?name=OCS-%25E7%25BD%2591%25E8%25AF%25BE%25E5%258A%25A9%25E6%2589%258B.user.js&id=7b799955-d64b-4a49-affb-79e5776c8306:11466:11)\\n    at async Script.oncomplete (chrome-extension://iikmkjmpaadaobahmlepeloendndfphd/userscript.html?name=OCS-%25E7%25BD%2591%25E8%25AF%25BE%25E5%258A%25A9%25E6%2589%258B.user.js&id=7b799955-d64b-4a49-affb-79e5776c8306:10894:13)\"},{\"type\": \"log\",\"content\": \"视频开始播放\",\"time\": 1697087572243,\"stack\": \"\\n    at Proxy.<anonymous> (chrome-extension://iikmkjmpaadaobahmlepeloendndfphd/userscript.html?name=OCS-%25E7%25BD%2591%25E8%25AF%25BE%25E5%258A%25A9%25E6%2589%258B.user.js&id=7b799955-d64b-4a49-affb-79e5776c8306:6861:19)\\n    at chrome-extension://iikmkjmpaadaobahmlepeloendndfphd/userscript.html?name=OCS-%25E7%25BD%2591%25E8%25AF%25BE%25E5%258A%25A9%25E6%2589%258B.user.js&id=7b799955-d64b-4a49-affb-79e5776c8306:11649:16\\n    at new Promise (<anonymous>)\\n    at mediaTask (chrome-extension://iikmkjmpaadaobahmlepeloendndfphd/userscript.html?name=OCS-%25E7%25BD%2591%25E8%25AF%25BE%25E5%258A%25A9%25E6%2589%258B.user.js&id=7b799955-d64b-4a49-affb-79e5776c8306:11634:11)\\n    at Object.func (chrome-extension://iikmkjmpaadaobahmlepeloendndfphd/userscript.html?name=OCS-%25E7%25BD%2591%25E8%25AF%25BE%25E5%258A%25A9%25E6%2589%258B.user.js&id=7b799955-d64b-4a49-affb-79e5776c8306:11557:26)\\n    at runJobs (chrome-extension://iikmkjmpaadaobahmlepeloendndfphd/userscript.html?name=OCS-%25E7%25BD%2591%25E8%25AF%25BE%25E5%258A%25A9%25E6%2589%258B.user.js&id=7b799955-d64b-4a49-affb-79e5776c8306:11451:21)\\n    at study (chrome-extension://iikmkjmpaadaobahmlepeloendndfphd/userscript.html?name=OCS-%25E7%25BD%2591%25E8%25AF%25BE%25E5%258A%25A9%25E6%2589%258B.user.js&id=7b799955-d64b-4a49-affb-79e5776c8306:11466:11)\\n    at async Script.oncomplete (chrome-extension://iikmkjmpaadaobahmlepeloendndfphd/userscript.html?name=OCS-%25E7%25BD%2591%25E8%25AF%25BE%25E5%258A%25A9%25E6%2589%258B.user.js&id=7b799955-d64b-4a49-affb-79e5776c8306:10894:13)\"},{\"type\": \"log\",\"content\": \"正在识别繁体字\",\"time\": 1697087580281,\"stack\": \"\\n    at Proxy.<anonymous> (chrome-extension://iikmkjmpaadaobahmlepeloendndfphd/userscript.html?name=OCS-%25E7%25BD%2591%25E8%25AF%25BE%25E5%258A%25A9%25E6%2589%258B.user.js&id=7b799955-d64b-4a49-affb-79e5776c8306:6861:19)\\n    at mappingRecognize (chrome-extension://iikmkjmpaadaobahmlepeloendndfphd/userscript.html?name=OCS-%25E7%25BD%2591%25E8%25AF%25BE%25E5%258A%25A9%25E6%2589%258B.user.js&id=7b799955-d64b-4a49-affb-79e5776c8306:11281:18)\\n    at Script.oncomplete (chrome-extension://iikmkjmpaadaobahmlepeloendndfphd/userscript.html?name=OCS-%25E7%25BD%2591%25E8%25AF%25BE%25E5%258A%25A9%25E6%2589%258B.user.js&id=7b799955-d64b-4a49-affb-79e5776c8306:11116:17)\\n    at Script.oncomplete (chrome-extension://iikmkjmpaadaobahmlepeloendndfphd/userscript.html?name=OCS-%25E7%25BD%2591%25E8%25AF%25BE%25E5%258A%25A9%25E6%2589%258B.user.js&id=7b799955-d64b-4a49-affb-79e5776c8306:2019:47)\\n    at chrome-extension://iikmkjmpaadaobahmlepeloendndfphd/userscript.html?name=OCS-%25E7%25BD%2591%25E8%25AF%25BE%25E5%258A%25A9%25E6%2589%258B.user.js&id=7b799955-d64b-4a49-affb-79e5776c8306:612:58\\n    at Array.forEach (<anonymous>)\\n    at HTMLDocument.<anonymous> (chrome-extension://iikmkjmpaadaobahmlepeloendndfphd/userscript.html?name=OCS-%25E7%25BD%2591%25E8%25AF%25BE%25E5%258A%25A9%25E6%2589%258B.user.js&id=7b799955-d64b-4a49-affb-79e5776c8306:609:17)\"},{\"type\": \"log\",\"content\": \"识别繁体字完成。\",\"time\": 1697087580315,\"stack\": \"\\n    at Proxy.<anonymous> (chrome-extension://iikmkjmpaadaobahmlepeloendndfphd/userscript.html?name=OCS-%25E7%25BD%2591%25E8%25AF%25BE%25E5%258A%25A9%25E6%2589%258B.user.js&id=7b799955-d64b-4a49-affb-79e5776c8306:6861:19)\\n    at mappingRecognize (chrome-extension://iikmkjmpaadaobahmlepeloendndfphd/userscript.html?name=OCS-%25E7%25BD%2591%25E8%25AF%25BE%25E5%258A%25A9%25E6%2589%258B.user.js&id=7b799955-d64b-4a49-affb-79e5776c8306:11305:18)\\n    at Script.oncomplete (chrome-extension://iikmkjmpaadaobahmlepeloendndfphd/userscript.html?name=OCS-%25E7%25BD%2591%25E8%25AF%25BE%25E5%258A%25A9%25E6%2589%258B.user.js&id=7b799955-d64b-4a49-affb-79e5776c8306:11116:17)\\n    at Script.oncomplete (chrome-extension://iikmkjmpaadaobahmlepeloendndfphd/userscript.html?name=OCS-%25E7%25BD%2591%25E8%25AF%25BE%25E5%258A%25A9%25E6%2589%258B.user.js&id=7b799955-d64b-4a49-affb-79e5776c8306:2019:47)\\n    at chrome-extension://iikmkjmpaadaobahmlepeloendndfphd/userscript.html?name=OCS-%25E7%25BD%2591%25E8%25AF%25BE%25E5%258A%25A9%25E6%2589%258B.user.js&id=7b799955-d64b-4a49-affb-79e5776c8306:612:58\\n    at Array.forEach (<anonymous>)\\n    at HTMLDocument.<anonymous> (chrome-extension://iikmkjmpaadaobahmlepeloendndfphd/userscript.html?name=OCS-%25E7%25BD%2591%25E8%25AF%25BE%25E5%258A%25A9%25E6%2589%258B.user.js&id=7b799955-d64b-4a49-affb-79e5776c8306:609:17)\"},{\"type\": \"log\",\"content\": \"开始答题 :  12.1 情绪与幸福\",\"time\": 1697087583344,\"stack\": \"\\n    at Proxy.<anonymous> (chrome-extension://iikmkjmpaadaobahmlepeloendndfphd/userscript.html?name=OCS-%25E7%25BD%2591%25E8%25AF%25BE%25E5%258A%25A9%25E6%2589%258B.user.js&id=7b799955-d64b-4a49-affb-79e5776c8306:6861:19)\\n    at Object.func (chrome-extension://iikmkjmpaadaobahmlepeloendndfphd/userscript.html?name=OCS-%25E7%25BD%2591%25E8%25AF%25BE%25E5%258A%25A9%25E6%2589%258B.user.js&id=7b799955-d64b-4a49-affb-79e5776c8306:11567:28)\\n    at runJobs (chrome-extension://iikmkjmpaadaobahmlepeloendndfphd/userscript.html?name=OCS-%25E7%25BD%2591%25E8%25AF%25BE%25E5%258A%25A9%25E6%2589%258B.user.js&id=7b799955-d64b-4a49-affb-79e5776c8306:11451:21)\\n    at study (chrome-extension://iikmkjmpaadaobahmlepeloendndfphd/userscript.html?name=OCS-%25E7%25BD%2591%25E8%25AF%25BE%25E5%258A%25A9%25E6%2589%258B.user.js&id=7b799955-d64b-4a49-affb-79e5776c8306:11466:11)\\n    at async Script.oncomplete (chrome-extension://iikmkjmpaadaobahmlepeloendndfphd/userscript.html?name=OCS-%25E7%25BD%2591%25E8%25AF%25BE%25E5%258A%25A9%25E6%2589%258B.user.js&id=7b799955-d64b-4a49-affb-79e5776c8306:10894:13)\"},{\"type\": \"info\",\"content\": \"开始章节测试\",\"time\": 1697087583349,\"stack\": \"\\n    at Proxy.<anonymous> (chrome-extension://iikmkjmpaadaobahmlepeloendndfphd/userscript.html?name=OCS-%25E7%25BD%2591%25E8%25AF%25BE%25E5%258A%25A9%25E6%2589%258B.user.js&id=7b799955-d64b-4a49-affb-79e5776c8306:6861:19)\\n    at chapterTestTask (chrome-extension://iikmkjmpaadaobahmlepeloendndfphd/userscript.html?name=OCS-%25E7%25BD%2591%25E8%25AF%25BE%25E5%258A%25A9%25E6%2589%258B.user.js&id=7b799955-d64b-4a49-affb-79e5776c8306:11666:14)\\n    at Object.func (chrome-extension://iikmkjmpaadaobahmlepeloendndfphd/userscript.html?name=OCS-%25E7%25BD%2591%25E8%25AF%25BE%25E5%258A%25A9%25E6%2589%258B.user.js&id=7b799955-d64b-4a49-affb-79e5776c8306:11568:26)\\n    at runJobs (chrome-extension://iikmkjmpaadaobahmlepeloendndfphd/userscript.html?name=OCS-%25E7%25BD%2591%25E8%25AF%25BE%25E5%258A%25A9%25E6%2589%258B.user.js&id=7b799955-d64b-4a49-affb-79e5776c8306:11451:21)\\n    at study (chrome-extension://iikmkjmpaadaobahmlepeloendndfphd/userscript.html?name=OCS-%25E7%25BD%2591%25E8%25AF%25BE%25E5%258A%25A9%25E6%2589%258B.user.js&id=7b799955-d64b-4a49-affb-79e5776c8306:11466:11)\\n    at async Script.oncomplete (chrome-extension://iikmkjmpaadaobahmlepeloendndfphd/userscript.html?name=OCS-%25E7%25BD%2591%25E8%25AF%25BE%25E5%258A%25A9%25E6%2589%258B.user.js&id=7b799955-d64b-4a49-affb-79e5776c8306:10894:13)\"},{\"type\": \"info\",\"content\": \"答题完成，将等待 3 秒后进行保存或提交。\",\"time\": 1697087598040,\"stack\": \"\\n    at Proxy.<anonymous> (chrome-extension://iikmkjmpaadaobahmlepeloendndfphd/userscript.html?name=OCS-%25E7%25BD%2591%25E8%25AF%25BE%25E5%258A%25A9%25E6%2589%258B.user.js&id=7b799955-d64b-4a49-affb-79e5776c8306:6861:19)\\n    at chapterTestTask (chrome-extension://iikmkjmpaadaobahmlepeloendndfphd/userscript.html?name=OCS-%25E7%25BD%2591%25E8%25AF%25BE%25E5%258A%25A9%25E6%2589%258B.user.js&id=7b799955-d64b-4a49-affb-79e5776c8306:11821:14)\\n    at async runJobs (chrome-extension://iikmkjmpaadaobahmlepeloendndfphd/userscript.html?name=OCS-%25E7%25BD%2591%25E8%25AF%25BE%25E5%258A%25A9%25E6%2589%258B.user.js&id=7b799955-d64b-4a49-affb-79e5776c8306:11451:11)\\n    at async study (chrome-extension://iikmkjmpaadaobahmlepeloendndfphd/userscript.html?name=OCS-%25E7%25BD%2591%25E8%25AF%25BE%25E5%258A%25A9%25E6%2589%258B.user.js&id=7b799955-d64b-4a49-affb-79e5776c8306:11466:5)\\n    at async Script.oncomplete (chrome-extension://iikmkjmpaadaobahmlepeloendndfphd/userscript.html?name=OCS-%25E7%25BD%2591%25E8%25AF%25BE%25E5%258A%25A9%25E6%2589%258B.user.js&id=7b799955-d64b-4a49-affb-79e5776c8306:10894:13)\"},{\"type\": \"info\",\"content\": \"完成率 100.00 :  5秒后将自动保存 \",\"time\": 1697087601042,\"stack\": \"\\n    at Proxy.<anonymous> (chrome-extension://iikmkjmpaadaobahmlepeloendndfphd/userscript.html?name=OCS-%25E7%25BD%2591%25E8%25AF%25BE%25E5%258A%25A9%25E6%2589%258B.user.js&id=7b799955-d64b-4a49-affb-79e5776c8306:6861:19)\\n    at callback (chrome-extension://iikmkjmpaadaobahmlepeloendndfphd/userscript.html?name=OCS-%25E7%25BD%2591%25E8%25AF%25BE%25E5%258A%25A9%25E6%2589%258B.user.js&id=7b799955-d64b-4a49-affb-79e5776c8306:11827:18)\\n    at OCSWorker.uploadHandler (chrome-extension://iikmkjmpaadaobahmlepeloendndfphd/userscript.html?name=OCS-%25E7%25BD%2591%25E8%25AF%25BE%25E5%258A%25A9%25E6%2589%258B.user.js&id=7b799955-d64b-4a49-affb-79e5776c8306:2753:17)\\n    at chapterTestTask (chrome-extension://iikmkjmpaadaobahmlepeloendndfphd/userscript.html?name=OCS-%25E7%25BD%2591%25E8%25AF%25BE%25E5%258A%25A9%25E6%2589%258B.user.js&id=7b799955-d64b-4a49-affb-79e5776c8306:11823:18)\\n    at async runJobs (chrome-extension://iikmkjmpaadaobahmlepeloendndfphd/userscript.html?name=OCS-%25E7%25BD%2591%25E8%25AF%25BE%25E5%258A%25A9%25E6%2589%258B.user.js&id=7b799955-d64b-4a49-affb-79e5776c8306:11451:11)\\n    at async study (chrome-extension://iikmkjmpaadaobahmlepeloendndfphd/userscript.html?name=OCS-%25E7%25BD%2591%25E8%25AF%25BE%25E5%258A%25A9%25E6%2589%258B.user.js&id=7b799955-d64b-4a49-affb-79e5776c8306:11466:5)\\n    at async Script.oncomplete (chrome-extension://iikmkjmpaadaobahmlepeloendndfphd/userscript.html?name=OCS-%25E7%25BD%2591%25E8%25AF%25BE%25E5%258A%25A9%25E6%2589%258B.user.js&id=7b799955-d64b-4a49-affb-79e5776c8306:10894:13)\"},{\"type\": \"info\",\"content\": \"页面任务点已完成，即将切换下一章。\",\"time\": 1697087608078,\"stack\": \"\\n    at Proxy.<anonymous> (chrome-extension://iikmkjmpaadaobahmlepeloendndfphd/userscript.html?name=OCS-%25E7%25BD%2591%25E8%25AF%25BE%25E5%258A%25A9%25E6%2589%258B.user.js&id=7b799955-d64b-4a49-affb-79e5776c8306:6861:19)\\n    at study (chrome-extension://iikmkjmpaadaobahmlepeloendndfphd/userscript.html?name=OCS-%25E7%25BD%2591%25E8%25AF%25BE%25E5%258A%25A9%25E6%2589%258B.user.js&id=7b799955-d64b-4a49-affb-79e5776c8306:11503:16)\\n    at async Script.oncomplete (chrome-extension://iikmkjmpaadaobahmlepeloendndfphd/userscript.html?name=OCS-%25E7%25BD%2591%25E8%25AF%25BE%25E5%258A%25A9%25E6%2589%258B.user.js&id=7b799955-d64b-4a49-affb-79e5776c8306:10894:13)\"},{\"type\": \"log\",\"content\": \"正在识别繁体字\",\"time\": 1697087613085,\"stack\": \"\\n    at Proxy.<anonymous> (chrome-extension://iikmkjmpaadaobahmlepeloendndfphd/userscript.html?name=OCS-%25E7%25BD%2591%25E8%25AF%25BE%25E5%258A%25A9%25E6%2589%258B.user.js&id=7b799955-d64b-4a49-affb-79e5776c8306:6861:19)\\n    at mappingRecognize (chrome-extension://iikmkjmpaadaobahmlepeloendndfphd/userscript.html?name=OCS-%25E7%25BD%2591%25E8%25AF%25BE%25E5%258A%25A9%25E6%2589%258B.user.js&id=7b799955-d64b-4a49-affb-79e5776c8306:11281:18)\\n    at Script.oncomplete (chrome-extension://iikmkjmpaadaobahmlepeloendndfphd/userscript.html?name=OCS-%25E7%25BD%2591%25E8%25AF%25BE%25E5%258A%25A9%25E6%2589%258B.user.js&id=7b799955-d64b-4a49-affb-79e5776c8306:11116:17)\\n    at Script.oncomplete (chrome-extension://iikmkjmpaadaobahmlepeloendndfphd/userscript.html?name=OCS-%25E7%25BD%2591%25E8%25AF%25BE%25E5%258A%25A9%25E6%2589%258B.user.js&id=7b799955-d64b-4a49-affb-79e5776c8306:2019:47)\\n    at chrome-extension://iikmkjmpaadaobahmlepeloendndfphd/userscript.html?name=OCS-%25E7%25BD%2591%25E8%25AF%25BE%25E5%258A%25A9%25E6%2589%258B.user.js&id=7b799955-d64b-4a49-affb-79e5776c8306:612:58\\n    at Array.forEach (<anonymous>)\\n    at HTMLDocument.<anonymous> (chrome-extension://iikmkjmpaadaobahmlepeloendndfphd/userscript.html?name=OCS-%25E7%25BD%2591%25E8%25AF%25BE%25E5%258A%25A9%25E6%2589%258B.user.js&id=7b799955-d64b-4a49-affb-79e5776c8306:609:17)\\n    at async Script.oncomplete (chrome-extension://iikmkjmpaadaobahmlepeloendndfphd/userscript.html?name=OCS-%25E7%25BD%2591%25E8%25AF%25BE%25E5%258A%25A9%25E6%2589%258B.user.js&id=7b799955-d64b-4a49-affb-79e5776c8306:10894:13)\"},{\"type\": \"log\",\"content\": \"识别繁体字完成。\",\"time\": 1697087613125,\"stack\": \"\\n    at Proxy.<anonymous> (chrome-extension://iikmkjmpaadaobahmlepeloendndfphd/userscript.html?name=OCS-%25E7%25BD%2591%25E8%25AF%25BE%25E5%258A%25A9%25E6%2589%258B.user.js&id=7b799955-d64b-4a49-affb-79e5776c8306:6861:19)\\n    at mappingRecognize (chrome-extension://iikmkjmpaadaobahmlepeloendndfphd/userscript.html?name=OCS-%25E7%25BD%2591%25E8%25AF%25BE%25E5%258A%25A9%25E6%2589%258B.user.js&id=7b799955-d64b-4a49-affb-79e5776c8306:11305:18)\\n    at Script.oncomplete (chrome-extension://iikmkjmpaadaobahmlepeloendndfphd/userscript.html?name=OCS-%25E7%25BD%2591%25E8%25AF%25BE%25E5%258A%25A9%25E6%2589%258B.user.js&id=7b799955-d64b-4a49-affb-79e5776c8306:11116:17)\\n    at Script.oncomplete (chrome-extension://iikmkjmpaadaobahmlepeloendndfphd/userscript.html?name=OCS-%25E7%25BD%2591%25E8%25AF%25BE%25E5%258A%25A9%25E6%2589%258B.user.js&id=7b799955-d64b-4a49-affb-79e5776c8306:2019:47)\\n    at chrome-extension://iikmkjmpaadaobahmlepeloendndfphd/userscript.html?name=OCS-%25E7%25BD%2591%25E8%25AF%25BE%25E5%258A%25A9%25E6%2589%258B.user.js&id=7b799955-d64b-4a49-affb-79e5776c8306:612:58\\n    at Array.forEach (<anonymous>)\\n    at HTMLDocument.<anonymous> (chrome-extension://iikmkjmpaadaobahmlepeloendndfphd/userscript.html?name=OCS-%25E7%25BD%2591%25E8%25AF%25BE%25E5%258A%25A9%25E6%2589%258B.user.js&id=7b799955-d64b-4a49-affb-79e5776c8306:609:17)\\n    at async Script.oncomplete (chrome-extension://iikmkjmpaadaobahmlepeloendndfphd/userscript.html?name=OCS-%25E7%25BD%2591%25E8%25AF%25BE%25E5%258A%25A9%25E6%2589%258B.user.js&id=7b799955-d64b-4a49-affb-79e5776c8306:10894:13)\"},{\"type\": \"log\",\"content\": \"即将重新播放 :  13.1 怎样创造有价值、有意义的生活.mp4\",\"time\": 1697087618278,\"stack\": \"\\n    at Proxy.<anonymous> (chrome-extension://iikmkjmpaadaobahmlepeloendndfphd/userscript.html?name=OCS-%25E7%25BD%2591%25E8%25AF%25BE%25E5%258A%25A9%25E6%2589%258B.user.js&id=7b799955-d64b-4a49-affb-79e5776c8306:6861:19)\\n    at Object.func (chrome-extension://iikmkjmpaadaobahmlepeloendndfphd/userscript.html?name=OCS-%25E7%25BD%2591%25E8%25AF%25BE%25E5%258A%25A9%25E6%2589%258B.user.js&id=7b799955-d64b-4a49-affb-79e5776c8306:11556:28)\\n    at runJobs (chrome-extension://iikmkjmpaadaobahmlepeloendndfphd/userscript.html?name=OCS-%25E7%25BD%2591%25E8%25AF%25BE%25E5%258A%25A9%25E6%2589%258B.user.js&id=7b799955-d64b-4a49-affb-79e5776c8306:11451:21)\\n    at study (chrome-extension://iikmkjmpaadaobahmlepeloendndfphd/userscript.html?name=OCS-%25E7%25BD%2591%25E8%25AF%25BE%25E5%258A%25A9%25E6%2589%258B.user.js&id=7b799955-d64b-4a49-affb-79e5776c8306:11466:11)\\n    at async Script.oncomplete (chrome-extension://iikmkjmpaadaobahmlepeloendndfphd/userscript.html?name=OCS-%25E7%25BD%2591%25E8%25AF%25BE%25E5%258A%25A9%25E6%2589%258B.user.js&id=7b799955-d64b-4a49-affb-79e5776c8306:10894:13)\"},{\"type\": \"log\",\"content\": \"视频开始播放\",\"time\": 1697087618281,\"stack\": \"\\n    at Proxy.<anonymous> (chrome-extension://iikmkjmpaadaobahmlepeloendndfphd/userscript.html?name=OCS-%25E7%25BD%2591%25E8%25AF%25BE%25E5%258A%25A9%25E6%2589%258B.user.js&id=7b799955-d64b-4a49-affb-79e5776c8306:6861:19)\\n    at chrome-extension://iikmkjmpaadaobahmlepeloendndfphd/userscript.html?name=OCS-%25E7%25BD%2591%25E8%25AF%25BE%25E5%258A%25A9%25E6%2589%258B.user.js&id=7b799955-d64b-4a49-affb-79e5776c8306:11649:16\\n    at new Promise (<anonymous>)\\n    at mediaTask (chrome-extension://iikmkjmpaadaobahmlepeloendndfphd/userscript.html?name=OCS-%25E7%25BD%2591%25E8%25AF%25BE%25E5%258A%25A9%25E6%2589%258B.user.js&id=7b799955-d64b-4a49-affb-79e5776c8306:11634:11)\\n    at Object.func (chrome-extension://iikmkjmpaadaobahmlepeloendndfphd/userscript.html?name=OCS-%25E7%25BD%2591%25E8%25AF%25BE%25E5%258A%25A9%25E6%2589%258B.user.js&id=7b799955-d64b-4a49-affb-79e5776c8306:11557:26)\\n    at runJobs (chrome-extension://iikmkjmpaadaobahmlepeloendndfphd/userscript.html?name=OCS-%25E7%25BD%2591%25E8%25AF%25BE%25E5%258A%25A9%25E6%2589%258B.user.js&id=7b799955-d64b-4a49-affb-79e5776c8306:11451:21)\\n    at study (chrome-extension://iikmkjmpaadaobahmlepeloendndfphd/userscript.html?name=OCS-%25E7%25BD%2591%25E8%25AF%25BE%25E5%258A%25A9%25E6%2589%258B.user.js&id=7b799955-d64b-4a49-affb-79e5776c8306:11466:11)\\n    at async Script.oncomplete (chrome-extension://iikmkjmpaadaobahmlepeloendndfphd/userscript.html?name=OCS-%25E7%25BD%2591%25E8%25AF%25BE%25E5%258A%25A9%25E6%2589%258B.user.js&id=7b799955-d64b-4a49-affb-79e5776c8306:10894:13)\"},{\"type\": \"log\",\"content\": \"正在识别繁体字\",\"time\": 1697087641082,\"stack\": \"\\n    at Proxy.<anonymous> (chrome-extension://iikmkjmpaadaobahmlepeloendndfphd/userscript.html?name=OCS-%25E7%25BD%2591%25E8%25AF%25BE%25E5%258A%25A9%25E6%2589%258B.user.js&id=7b799955-d64b-4a49-affb-79e5776c8306:6861:19)\\n    at mappingRecognize (chrome-extension://iikmkjmpaadaobahmlepeloendndfphd/userscript.html?name=OCS-%25E7%25BD%2591%25E8%25AF%25BE%25E5%258A%25A9%25E6%2589%258B.user.js&id=7b799955-d64b-4a49-affb-79e5776c8306:11281:18)\\n    at Script.oncomplete (chrome-extension://iikmkjmpaadaobahmlepeloendndfphd/userscript.html?name=OCS-%25E7%25BD%2591%25E8%25AF%25BE%25E5%258A%25A9%25E6%2589%258B.user.js&id=7b799955-d64b-4a49-affb-79e5776c8306:11116:17)\\n    at Script.oncomplete (chrome-extension://iikmkjmpaadaobahmlepeloendndfphd/userscript.html?name=OCS-%25E7%25BD%2591%25E8%25AF%25BE%25E5%258A%25A9%25E6%2589%258B.user.js&id=7b799955-d64b-4a49-affb-79e5776c8306:2019:47)\\n    at chrome-extension://iikmkjmpaadaobahmlepeloendndfphd/userscript.html?name=OCS-%25E7%25BD%2591%25E8%25AF%25BE%25E5%258A%25A9%25E6%2589%258B.user.js&id=7b799955-d64b-4a49-affb-79e5776c8306:612:58\\n    at Array.forEach (<anonymous>)\\n    at HTMLDocument.<anonymous> (chrome-extension://iikmkjmpaadaobahmlepeloendndfphd/userscript.html?name=OCS-%25E7%25BD%2591%25E8%25AF%25BE%25E5%258A%25A9%25E6%2589%258B.user.js&id=7b799955-d64b-4a49-affb-79e5776c8306:609:17)\"},{\"type\": \"log\",\"content\": \"识别繁体字完成。\",\"time\": 1697087641120,\"stack\": \"\\n    at Proxy.<anonymous> (chrome-extension://iikmkjmpaadaobahmlepeloendndfphd/userscript.html?name=OCS-%25E7%25BD%2591%25E8%25AF%25BE%25E5%258A%25A9%25E6%2589%258B.user.js&id=7b799955-d64b-4a49-affb-79e5776c8306:6861:19)\\n    at mappingRecognize (chrome-extension://iikmkjmpaadaobahmlepeloendndfphd/userscript.html?name=OCS-%25E7%25BD%2591%25E8%25AF%25BE%25E5%258A%25A9%25E6%2589%258B.user.js&id=7b799955-d64b-4a49-affb-79e5776c8306:11305:18)\\n    at Script.oncomplete (chrome-extension://iikmkjmpaadaobahmlepeloendndfphd/userscript.html?name=OCS-%25E7%25BD%2591%25E8%25AF%25BE%25E5%258A%25A9%25E6%2589%258B.user.js&id=7b799955-d64b-4a49-affb-79e5776c8306:11116:17)\\n    at Script.oncomplete (chrome-extension://iikmkjmpaadaobahmlepeloendndfphd/userscript.html?name=OCS-%25E7%25BD%2591%25E8%25AF%25BE%25E5%258A%25A9%25E6%2589%258B.user.js&id=7b799955-d64b-4a49-affb-79e5776c8306:2019:47)\\n    at chrome-extension://iikmkjmpaadaobahmlepeloendndfphd/userscript.html?name=OCS-%25E7%25BD%2591%25E8%25AF%25BE%25E5%258A%25A9%25E6%2589%258B.user.js&id=7b799955-d64b-4a49-affb-79e5776c8306:612:58\\n    at Array.forEach (<anonymous>)\\n    at HTMLDocument.<anonymous> (chrome-extension://iikmkjmpaadaobahmlepeloendndfphd/userscript.html?name=OCS-%25E7%25BD%2591%25E8%25AF%25BE%25E5%258A%25A9%25E6%2589%258B.user.js&id=7b799955-d64b-4a49-affb-79e5776c8306:609:17)\"},{\"type\": \"log\",\"content\": \"开始答题 :  13.1 怎样创造有价值、有意义的生活\",\"time\": 1697087644162,\"stack\": \"\\n    at Proxy.<anonymous> (chrome-extension://iikmkjmpaadaobahmlepeloendndfphd/userscript.html?name=OCS-%25E7%25BD%2591%25E8%25AF%25BE%25E5%258A%25A9%25E6%2589%258B.user.js&id=7b799955-d64b-4a49-affb-79e5776c8306:6861:19)\\n    at Object.func (chrome-extension://iikmkjmpaadaobahmlepeloendndfphd/userscript.html?name=OCS-%25E7%25BD%2591%25E8%25AF%25BE%25E5%258A%25A9%25E6%2589%258B.user.js&id=7b799955-d64b-4a49-affb-79e5776c8306:11567:28)\\n    at runJobs (chrome-extension://iikmkjmpaadaobahmlepeloendndfphd/userscript.html?name=OCS-%25E7%25BD%2591%25E8%25AF%25BE%25E5%258A%25A9%25E6%2589%258B.user.js&id=7b799955-d64b-4a49-affb-79e5776c8306:11451:21)\\n    at study (chrome-extension://iikmkjmpaadaobahmlepeloendndfphd/userscript.html?name=OCS-%25E7%25BD%2591%25E8%25AF%25BE%25E5%258A%25A9%25E6%2589%258B.user.js&id=7b799955-d64b-4a49-affb-79e5776c8306:11466:11)\\n    at async Script.oncomplete (chrome-extension://iikmkjmpaadaobahmlepeloendndfphd/userscript.html?name=OCS-%25E7%25BD%2591%25E8%25AF%25BE%25E5%258A%25A9%25E6%2589%258B.user.js&id=7b799955-d64b-4a49-affb-79e5776c8306:10894:13)\"},{\"type\": \"info\",\"content\": \"开始章节测试\",\"time\": 1697087644165,\"stack\": \"\\n    at Proxy.<anonymous> (chrome-extension://iikmkjmpaadaobahmlepeloendndfphd/userscript.html?name=OCS-%25E7%25BD%2591%25E8%25AF%25BE%25E5%258A%25A9%25E6%2589%258B.user.js&id=7b799955-d64b-4a49-affb-79e5776c8306:6861:19)\\n    at chapterTestTask (chrome-extension://iikmkjmpaadaobahmlepeloendndfphd/userscript.html?name=OCS-%25E7%25BD%2591%25E8%25AF%25BE%25E5%258A%25A9%25E6%2589%258B.user.js&id=7b799955-d64b-4a49-affb-79e5776c8306:11666:14)\\n    at Object.func (chrome-extension://iikmkjmpaadaobahmlepeloendndfphd/userscript.html?name=OCS-%25E7%25BD%2591%25E8%25AF%25BE%25E5%258A%25A9%25E6%2589%258B.user.js&id=7b799955-d64b-4a49-affb-79e5776c8306:11568:26)\\n    at runJobs (chrome-extension://iikmkjmpaadaobahmlepeloendndfphd/userscript.html?name=OCS-%25E7%25BD%2591%25E8%25AF%25BE%25E5%258A%25A9%25E6%2589%258B.user.js&id=7b799955-d64b-4a49-affb-79e5776c8306:11451:21)\\n    at study (chrome-extension://iikmkjmpaadaobahmlepeloendndfphd/userscript.html?name=OCS-%25E7%25BD%2591%25E8%25AF%25BE%25E5%258A%25A9%25E6%2589%258B.user.js&id=7b799955-d64b-4a49-affb-79e5776c8306:11466:11)\\n    at async Script.oncomplete (chrome-extension://iikmkjmpaadaobahmlepeloendndfphd/userscript.html?name=OCS-%25E7%25BD%2591%25E8%25AF%25BE%25E5%258A%25A9%25E6%2589%258B.user.js&id=7b799955-d64b-4a49-affb-79e5776c8306:10894:13)\"},{\"type\": \"log\",\"content\": \"正在识别繁体字\",\"time\": 1697087649374,\"stack\": \"\\n    at Proxy.<anonymous> (chrome-extension://iikmkjmpaadaobahmlepeloendndfphd/userscript.html?name=OCS-%25E7%25BD%2591%25E8%25AF%25BE%25E5%258A%25A9%25E6%2589%258B.user.js&id=7b799955-d64b-4a49-affb-79e5776c8306:6861:19)\\n    at mappingRecognize (chrome-extension://iikmkjmpaadaobahmlepeloendndfphd/userscript.html?name=OCS-%25E7%25BD%2591%25E8%25AF%25BE%25E5%258A%25A9%25E6%2589%258B.user.js&id=7b799955-d64b-4a49-affb-79e5776c8306:11281:18)\\n    at Script.oncomplete (chrome-extension://iikmkjmpaadaobahmlepeloendndfphd/userscript.html?name=OCS-%25E7%25BD%2591%25E8%25AF%25BE%25E5%258A%25A9%25E6%2589%258B.user.js&id=7b799955-d64b-4a49-affb-79e5776c8306:11116:17)\\n    at Script.oncomplete (chrome-extension://iikmkjmpaadaobahmlepeloendndfphd/userscript.html?name=OCS-%25E7%25BD%2591%25E8%25AF%25BE%25E5%258A%25A9%25E6%2589%258B.user.js&id=7b799955-d64b-4a49-affb-79e5776c8306:2019:47)\\n    at chrome-extension://iikmkjmpaadaobahmlepeloendndfphd/userscript.html?name=OCS-%25E7%25BD%2591%25E8%25AF%25BE%25E5%258A%25A9%25E6%2589%258B.user.js&id=7b799955-d64b-4a49-affb-79e5776c8306:612:58\\n    at Array.forEach (<anonymous>)\\n    at HTMLDocument.<anonymous> (chrome-extension://iikmkjmpaadaobahmlepeloendndfphd/userscript.html?name=OCS-%25E7%25BD%2591%25E8%25AF%25BE%25E5%258A%25A9%25E6%2589%258B.user.js&id=7b799955-d64b-4a49-affb-79e5776c8306:609:17)\"},{\"type\": \"log\",\"content\": \"识别繁体字完成。\",\"time\": 1697087649414,\"stack\": \"\\n    at Proxy.<anonymous> (chrome-extension://iikmkjmpaadaobahmlepeloendndfphd/userscript.html?name=OCS-%25E7%25BD%2591%25E8%25AF%25BE%25E5%258A%25A9%25E6%2589%258B.user.js&id=7b799955-d64b-4a49-affb-79e5776c8306:6861:19)\\n    at mappingRecognize (chrome-extension://iikmkjmpaadaobahmlepeloendndfphd/userscript.html?name=OCS-%25E7%25BD%2591%25E8%25AF%25BE%25E5%258A%25A9%25E6%2589%258B.user.js&id=7b799955-d64b-4a49-affb-79e5776c8306:11305:18)\\n    at Script.oncomplete (chrome-extension://iikmkjmpaadaobahmlepeloendndfphd/userscript.html?name=OCS-%25E7%25BD%2591%25E8%25AF%25BE%25E5%258A%25A9%25E6%2589%258B.user.js&id=7b799955-d64b-4a49-affb-79e5776c8306:11116:17)\\n    at Script.oncomplete (chrome-extension://iikmkjmpaadaobahmlepeloendndfphd/userscript.html?name=OCS-%25E7%25BD%2591%25E8%25AF%25BE%25E5%258A%25A9%25E6%2589%258B.user.js&id=7b799955-d64b-4a49-affb-79e5776c8306:2019:47)\\n    at chrome-extension://iikmkjmpaadaobahmlepeloendndfphd/userscript.html?name=OCS-%25E7%25BD%2591%25E8%25AF%25BE%25E5%258A%25A9%25E6%2589%258B.user.js&id=7b799955-d64b-4a49-affb-79e5776c8306:612:58\\n    at Array.forEach (<anonymous>)\\n    at HTMLDocument.<anonymous> (chrome-extension://iikmkjmpaadaobahmlepeloendndfphd/userscript.html?name=OCS-%25E7%25BD%2591%25E8%25AF%25BE%25E5%258A%25A9%25E6%2589%258B.user.js&id=7b799955-d64b-4a49-affb-79e5776c8306:609:17)\"},{\"type\": \"log\",\"content\": \"开始答题 :  12.1 情绪与幸福\",\"time\": 1697087652443,\"stack\": \"\\n    at Proxy.<anonymous> (chrome-extension://iikmkjmpaadaobahmlepeloendndfphd/userscript.html?name=OCS-%25E7%25BD%2591%25E8%25AF%25BE%25E5%258A%25A9%25E6%2589%258B.user.js&id=7b799955-d64b-4a49-affb-79e5776c8306:6861:19)\\n    at Object.func (chrome-extension://iikmkjmpaadaobahmlepeloendndfphd/userscript.html?name=OCS-%25E7%25BD%2591%25E8%25AF%25BE%25E5%258A%25A9%25E6%2589%258B.user.js&id=7b799955-d64b-4a49-affb-79e5776c8306:11567:28)\\n    at runJobs (chrome-extension://iikmkjmpaadaobahmlepeloendndfphd/userscript.html?name=OCS-%25E7%25BD%2591%25E8%25AF%25BE%25E5%258A%25A9%25E6%2589%258B.user.js&id=7b799955-d64b-4a49-affb-79e5776c8306:11451:21)\\n    at study (chrome-extension://iikmkjmpaadaobahmlepeloendndfphd/userscript.html?name=OCS-%25E7%25BD%2591%25E8%25AF%25BE%25E5%258A%25A9%25E6%2589%258B.user.js&id=7b799955-d64b-4a49-affb-79e5776c8306:11466:11)\\n    at async Script.oncomplete (chrome-extension://iikmkjmpaadaobahmlepeloendndfphd/userscript.html?name=OCS-%25E7%25BD%2591%25E8%25AF%25BE%25E5%258A%25A9%25E6%2589%258B.user.js&id=7b799955-d64b-4a49-affb-79e5776c8306:10894:13)\"},{\"type\": \"info\",\"content\": \"开始章节测试\",\"time\": 1697087652446,\"stack\": \"\\n    at Proxy.<anonymous> (chrome-extension://iikmkjmpaadaobahmlepeloendndfphd/userscript.html?name=OCS-%25E7%25BD%2591%25E8%25AF%25BE%25E5%258A%25A9%25E6%2589%258B.user.js&id=7b799955-d64b-4a49-affb-79e5776c8306:6861:19)\\n    at chapterTestTask (chrome-extension://iikmkjmpaadaobahmlepeloendndfphd/userscript.html?name=OCS-%25E7%25BD%2591%25E8%25AF%25BE%25E5%258A%25A9%25E6%2589%258B.user.js&id=7b799955-d64b-4a49-affb-79e5776c8306:11666:14)\\n    at Object.func (chrome-extension://iikmkjmpaadaobahmlepeloendndfphd/userscript.html?name=OCS-%25E7%25BD%2591%25E8%25AF%25BE%25E5%258A%25A9%25E6%2589%258B.user.js&id=7b799955-d64b-4a49-affb-79e5776c8306:11568:26)\\n    at runJobs (chrome-extension://iikmkjmpaadaobahmlepeloendndfphd/userscript.html?name=OCS-%25E7%25BD%2591%25E8%25AF%25BE%25E5%258A%25A9%25E6%2589%258B.user.js&id=7b799955-d64b-4a49-affb-79e5776c8306:11451:21)\\n    at study (chrome-extension://iikmkjmpaadaobahmlepeloendndfphd/userscript.html?name=OCS-%25E7%25BD%2591%25E8%25AF%25BE%25E5%258A%25A9%25E6%2589%258B.user.js&id=7b799955-d64b-4a49-affb-79e5776c8306:11466:11)\\n    at async Script.oncomplete (chrome-extension://iikmkjmpaadaobahmlepeloendndfphd/userscript.html?name=OCS-%25E7%25BD%2591%25E8%25AF%25BE%25E5%258A%25A9%25E6%2589%258B.user.js&id=7b799955-d64b-4a49-affb-79e5776c8306:10894:13)\"},{\"type\": \"log\",\"content\": \"正在识别繁体字\",\"time\": 1697087659931,\"stack\": \"\\n    at Proxy.<anonymous> (chrome-extension://iikmkjmpaadaobahmlepeloendndfphd/userscript.html?name=OCS-%25E7%25BD%2591%25E8%25AF%25BE%25E5%258A%25A9%25E6%2589%258B.user.js&id=7b799955-d64b-4a49-affb-79e5776c8306:6861:19)\\n    at mappingRecognize (chrome-extension://iikmkjmpaadaobahmlepeloendndfphd/userscript.html?name=OCS-%25E7%25BD%2591%25E8%25AF%25BE%25E5%258A%25A9%25E6%2589%258B.user.js&id=7b799955-d64b-4a49-affb-79e5776c8306:11281:18)\\n    at Script.oncomplete (chrome-extension://iikmkjmpaadaobahmlepeloendndfphd/userscript.html?name=OCS-%25E7%25BD%2591%25E8%25AF%25BE%25E5%258A%25A9%25E6%2589%258B.user.js&id=7b799955-d64b-4a49-affb-79e5776c8306:11116:17)\\n    at Script.oncomplete (chrome-extension://iikmkjmpaadaobahmlepeloendndfphd/userscript.html?name=OCS-%25E7%25BD%2591%25E8%25AF%25BE%25E5%258A%25A9%25E6%2589%258B.user.js&id=7b799955-d64b-4a49-affb-79e5776c8306:2019:47)\\n    at chrome-extension://iikmkjmpaadaobahmlepeloendndfphd/userscript.html?name=OCS-%25E7%25BD%2591%25E8%25AF%25BE%25E5%258A%25A9%25E6%2589%258B.user.js&id=7b799955-d64b-4a49-affb-79e5776c8306:612:58\\n    at Array.forEach (<anonymous>)\\n    at HTMLDocument.<anonymous> (chrome-extension://iikmkjmpaadaobahmlepeloendndfphd/userscript.html?name=OCS-%25E7%25BD%2591%25E8%25AF%25BE%25E5%258A%25A9%25E6%2589%258B.user.js&id=7b799955-d64b-4a49-affb-79e5776c8306:609:17)\"},{\"type\": \"log\",\"content\": \"识别繁体字完成。\",\"time\": 1697087659996,\"stack\": \"\\n    at Proxy.<anonymous> (chrome-extension://iikmkjmpaadaobahmlepeloendndfphd/userscript.html?name=OCS-%25E7%25BD%2591%25E8%25AF%25BE%25E5%258A%25A9%25E6%2589%258B.user.js&id=7b799955-d64b-4a49-affb-79e5776c8306:6861:19)\\n    at mappingRecognize (chrome-extension://iikmkjmpaadaobahmlepeloendndfphd/userscript.html?name=OCS-%25E7%25BD%2591%25E8%25AF%25BE%25E5%258A%25A9%25E6%2589%258B.user.js&id=7b799955-d64b-4a49-affb-79e5776c8306:11305:18)\\n    at Script.oncomplete (chrome-extension://iikmkjmpaadaobahmlepeloendndfphd/userscript.html?name=OCS-%25E7%25BD%2591%25E8%25AF%25BE%25E5%258A%25A9%25E6%2589%258B.user.js&id=7b799955-d64b-4a49-affb-79e5776c8306:11116:17)\\n    at Script.oncomplete (chrome-extension://iikmkjmpaadaobahmlepeloendndfphd/userscript.html?name=OCS-%25E7%25BD%2591%25E8%25AF%25BE%25E5%258A%25A9%25E6%2589%258B.user.js&id=7b799955-d64b-4a49-affb-79e5776c8306:2019:47)\\n    at chrome-extension://iikmkjmpaadaobahmlepeloendndfphd/userscript.html?name=OCS-%25E7%25BD%2591%25E8%25AF%25BE%25E5%258A%25A9%25E6%2589%258B.user.js&id=7b799955-d64b-4a49-affb-79e5776c8306:612:58\\n    at Array.forEach (<anonymous>)\\n    at HTMLDocument.<anonymous> (chrome-extension://iikmkjmpaadaobahmlepeloendndfphd/userscript.html?name=OCS-%25E7%25BD%2591%25E8%25AF%25BE%25E5%258A%25A9%25E6%2589%258B.user.js&id=7b799955-d64b-4a49-affb-79e5776c8306:609:17)\"},{\"type\": \"log\",\"content\": \"开始答题 :  13.1 怎样创造有价值、有意义的生活\",\"time\": 1697087663030,\"stack\": \"\\n    at Proxy.<anonymous> (chrome-extension://iikmkjmpaadaobahmlepeloendndfphd/userscript.html?name=OCS-%25E7%25BD%2591%25E8%25AF%25BE%25E5%258A%25A9%25E6%2589%258B.user.js&id=7b799955-d64b-4a49-affb-79e5776c8306:6861:19)\\n    at Object.func (chrome-extension://iikmkjmpaadaobahmlepeloendndfphd/userscript.html?name=OCS-%25E7%25BD%2591%25E8%25AF%25BE%25E5%258A%25A9%25E6%2589%258B.user.js&id=7b799955-d64b-4a49-affb-79e5776c8306:11567:28)\\n    at runJobs (chrome-extension://iikmkjmpaadaobahmlepeloendndfphd/userscript.html?name=OCS-%25E7%25BD%2591%25E8%25AF%25BE%25E5%258A%25A9%25E6%2589%258B.user.js&id=7b799955-d64b-4a49-affb-79e5776c8306:11451:21)\\n    at study (chrome-extension://iikmkjmpaadaobahmlepeloendndfphd/userscript.html?name=OCS-%25E7%25BD%2591%25E8%25AF%25BE%25E5%258A%25A9%25E6%2589%258B.user.js&id=7b799955-d64b-4a49-affb-79e5776c8306:11466:11)\\n    at async Script.oncomplete (chrome-extension://iikmkjmpaadaobahmlepeloendndfphd/userscript.html?name=OCS-%25E7%25BD%2591%25E8%25AF%25BE%25E5%258A%25A9%25E6%2589%258B.user.js&id=7b799955-d64b-4a49-affb-79e5776c8306:10894:13)\"},{\"type\": \"info\",\"content\": \"开始章节测试\",\"time\": 1697087663033,\"stack\": \"\\n    at Proxy.<anonymous> (chrome-extension://iikmkjmpaadaobahmlepeloendndfphd/userscript.html?name=OCS-%25E7%25BD%2591%25E8%25AF%25BE%25E5%258A%25A9%25E6%2589%258B.user.js&id=7b799955-d64b-4a49-affb-79e5776c8306:6861:19)\\n    at chapterTestTask (chrome-extension://iikmkjmpaadaobahmlepeloendndfphd/userscript.html?name=OCS-%25E7%25BD%2591%25E8%25AF%25BE%25E5%258A%25A9%25E6%2589%258B.user.js&id=7b799955-d64b-4a49-affb-79e5776c8306:11666:14)\\n    at Object.func (chrome-extension://iikmkjmpaadaobahmlepeloendndfphd/userscript.html?name=OCS-%25E7%25BD%2591%25E8%25AF%25BE%25E5%258A%25A9%25E6%2589%258B.user.js&id=7b799955-d64b-4a49-affb-79e5776c8306:11568:26)\\n    at runJobs (chrome-extension://iikmkjmpaadaobahmlepeloendndfphd/userscript.html?name=OCS-%25E7%25BD%2591%25E8%25AF%25BE%25E5%258A%25A9%25E6%2589%258B.user.js&id=7b799955-d64b-4a49-affb-79e5776c8306:11451:21)\\n    at study (chrome-extension://iikmkjmpaadaobahmlepeloendndfphd/userscript.html?name=OCS-%25E7%25BD%2591%25E8%25AF%25BE%25E5%258A%25A9%25E6%2589%258B.user.js&id=7b799955-d64b-4a49-affb-79e5776c8306:11466:11)\\n    at async Script.oncomplete (chrome-extension://iikmkjmpaadaobahmlepeloendndfphd/userscript.html?name=OCS-%25E7%25BD%2591%25E8%25AF%25BE%25E5%258A%25A9%25E6%2589%258B.user.js&id=7b799955-d64b-4a49-affb-79e5776c8306:10894:13)\"},{\"type\": \"log\",\"content\": \"正在识别繁体字\",\"time\": 1697087675627,\"stack\": \"\\n    at Proxy.<anonymous> (chrome-extension://iikmkjmpaadaobahmlepeloendndfphd/userscript.html?name=OCS-%25E7%25BD%2591%25E8%25AF%25BE%25E5%258A%25A9%25E6%2589%258B.user.js&id=7b799955-d64b-4a49-affb-79e5776c8306:6861:19)\\n    at mappingRecognize (chrome-extension://iikmkjmpaadaobahmlepeloendndfphd/userscript.html?name=OCS-%25E7%25BD%2591%25E8%25AF%25BE%25E5%258A%25A9%25E6%2589%258B.user.js&id=7b799955-d64b-4a49-affb-79e5776c8306:11281:18)\\n    at Script.oncomplete (chrome-extension://iikmkjmpaadaobahmlepeloendndfphd/userscript.html?name=OCS-%25E7%25BD%2591%25E8%25AF%25BE%25E5%258A%25A9%25E6%2589%258B.user.js&id=7b799955-d64b-4a49-affb-79e5776c8306:11116:17)\\n    at Script.oncomplete (chrome-extension://iikmkjmpaadaobahmlepeloendndfphd/userscript.html?name=OCS-%25E7%25BD%2591%25E8%25AF%25BE%25E5%258A%25A9%25E6%2589%258B.user.js&id=7b799955-d64b-4a49-affb-79e5776c8306:2019:47)\\n    at chrome-extension://iikmkjmpaadaobahmlepeloendndfphd/userscript.html?name=OCS-%25E7%25BD%2591%25E8%25AF%25BE%25E5%258A%25A9%25E6%2589%258B.user.js&id=7b799955-d64b-4a49-affb-79e5776c8306:612:58\\n    at Array.forEach (<anonymous>)\\n    at HTMLDocument.<anonymous> (chrome-extension://iikmkjmpaadaobahmlepeloendndfphd/userscript.html?name=OCS-%25E7%25BD%2591%25E8%25AF%25BE%25E5%258A%25A9%25E6%2589%258B.user.js&id=7b799955-d64b-4a49-affb-79e5776c8306:609:17)\"},{\"type\": \"log\",\"content\": \"识别繁体字完成。\",\"time\": 1697087675671,\"stack\": \"\\n    at Proxy.<anonymous> (chrome-extension://iikmkjmpaadaobahmlepeloendndfphd/userscript.html?name=OCS-%25E7%25BD%2591%25E8%25AF%25BE%25E5%258A%25A9%25E6%2589%258B.user.js&id=7b799955-d64b-4a49-affb-79e5776c8306:6861:19)\\n    at mappingRecognize (chrome-extension://iikmkjmpaadaobahmlepeloendndfphd/userscript.html?name=OCS-%25E7%25BD%2591%25E8%25AF%25BE%25E5%258A%25A9%25E6%2589%258B.user.js&id=7b799955-d64b-4a49-affb-79e5776c8306:11305:18)\\n    at Script.oncomplete (chrome-extension://iikmkjmpaadaobahmlepeloendndfphd/userscript.html?name=OCS-%25E7%25BD%2591%25E8%25AF%25BE%25E5%258A%25A9%25E6%2589%258B.user.js&id=7b799955-d64b-4a49-affb-79e5776c8306:11116:17)\\n    at Script.oncomplete (chrome-extension://iikmkjmpaadaobahmlepeloendndfphd/userscript.html?name=OCS-%25E7%25BD%2591%25E8%25AF%25BE%25E5%258A%25A9%25E6%2589%258B.user.js&id=7b799955-d64b-4a49-affb-79e5776c8306:2019:47)\\n    at chrome-extension://iikmkjmpaadaobahmlepeloendndfphd/userscript.html?name=OCS-%25E7%25BD%2591%25E8%25AF%25BE%25E5%258A%25A9%25E6%2589%258B.user.js&id=7b799955-d64b-4a49-affb-79e5776c8306:612:58\\n    at Array.forEach (<anonymous>)\\n    at HTMLDocument.<anonymous> (chrome-extension://iikmkjmpaadaobahmlepeloendndfphd/userscript.html?name=OCS-%25E7%25BD%2591%25E8%25AF%25BE%25E5%258A%25A9%25E6%2589%258B.user.js&id=7b799955-d64b-4a49-affb-79e5776c8306:609:17)\"},{\"type\": \"log\",\"content\": \"开始答题 :  目标与幸福\",\"time\": 1697087678696,\"stack\": \"\\n    at Proxy.<anonymous> (chrome-extension://iikmkjmpaadaobahmlepeloendndfphd/userscript.html?name=OCS-%25E7%25BD%2591%25E8%25AF%25BE%25E5%258A%25A9%25E6%2589%258B.user.js&id=7b799955-d64b-4a49-affb-79e5776c8306:6861:19)\\n    at Object.func (chrome-extension://iikmkjmpaadaobahmlepeloendndfphd/userscript.html?name=OCS-%25E7%25BD%2591%25E8%25AF%25BE%25E5%258A%25A9%25E6%2589%258B.user.js&id=7b799955-d64b-4a49-affb-79e5776c8306:11567:28)\\n    at runJobs (chrome-extension://iikmkjmpaadaobahmlepeloendndfphd/userscript.html?name=OCS-%25E7%25BD%2591%25E8%25AF%25BE%25E5%258A%25A9%25E6%2589%258B.user.js&id=7b799955-d64b-4a49-affb-79e5776c8306:11451:21)\\n    at study (chrome-extension://iikmkjmpaadaobahmlepeloendndfphd/userscript.html?name=OCS-%25E7%25BD%2591%25E8%25AF%25BE%25E5%258A%25A9%25E6%2589%258B.user.js&id=7b799955-d64b-4a49-affb-79e5776c8306:11466:11)\\n    at async Script.oncomplete (chrome-extension://iikmkjmpaadaobahmlepeloendndfphd/userscript.html?name=OCS-%25E7%25BD%2591%25E8%25AF%25BE%25E5%258A%25A9%25E6%2589%258B.user.js&id=7b799955-d64b-4a49-affb-79e5776c8306:10894:13)\"},{\"type\": \"info\",\"content\": \"开始章节测试\",\"time\": 1697087678699,\"stack\": \"\\n    at Proxy.<anonymous> (chrome-extension://iikmkjmpaadaobahmlepeloendndfphd/userscript.html?name=OCS-%25E7%25BD%2591%25E8%25AF%25BE%25E5%258A%25A9%25E6%2589%258B.user.js&id=7b799955-d64b-4a49-affb-79e5776c8306:6861:19)\\n    at chapterTestTask (chrome-extension://iikmkjmpaadaobahmlepeloendndfphd/userscript.html?name=OCS-%25E7%25BD%2591%25E8%25AF%25BE%25E5%258A%25A9%25E6%2589%258B.user.js&id=7b799955-d64b-4a49-affb-79e5776c8306:11666:14)\\n    at Object.func (chrome-extension://iikmkjmpaadaobahmlepeloendndfphd/userscript.html?name=OCS-%25E7%25BD%2591%25E8%25AF%25BE%25E5%258A%25A9%25E6%2589%258B.user.js&id=7b799955-d64b-4a49-affb-79e5776c8306:11568:26)\\n    at runJobs (chrome-extension://iikmkjmpaadaobahmlepeloendndfphd/userscript.html?name=OCS-%25E7%25BD%2591%25E8%25AF%25BE%25E5%258A%25A9%25E6%2589%258B.user.js&id=7b799955-d64b-4a49-affb-79e5776c8306:11451:21)\\n    at study (chrome-extension://iikmkjmpaadaobahmlepeloendndfphd/userscript.html?name=OCS-%25E7%25BD%2591%25E8%25AF%25BE%25E5%258A%25A9%25E6%2589%258B.user.js&id=7b799955-d64b-4a49-affb-79e5776c8306:11466:11)\\n    at async Script.oncomplete (chrome-extension://iikmkjmpaadaobahmlepeloendndfphd/userscript.html?name=OCS-%25E7%25BD%2591%25E8%25AF%25BE%25E5%258A%25A9%25E6%2589%258B.user.js&id=7b799955-d64b-4a49-affb-79e5776c8306:10894:13)\"},{\"type\": \"log\",\"content\": \"正在识别繁体字\",\"time\": 1697087686116,\"stack\": \"\\n    at Proxy.<anonymous> (chrome-extension://iikmkjmpaadaobahmlepeloendndfphd/userscript.html?name=OCS-%25E7%25BD%2591%25E8%25AF%25BE%25E5%258A%25A9%25E6%2589%258B.user.js&id=7b799955-d64b-4a49-affb-79e5776c8306:6861:19)\\n    at mappingRecognize (chrome-extension://iikmkjmpaadaobahmlepeloendndfphd/userscript.html?name=OCS-%25E7%25BD%2591%25E8%25AF%25BE%25E5%258A%25A9%25E6%2589%258B.user.js&id=7b799955-d64b-4a49-affb-79e5776c8306:11281:18)\\n    at Script.oncomplete (chrome-extension://iikmkjmpaadaobahmlepeloendndfphd/userscript.html?name=OCS-%25E7%25BD%2591%25E8%25AF%25BE%25E5%258A%25A9%25E6%2589%258B.user.js&id=7b799955-d64b-4a49-affb-79e5776c8306:11116:17)\\n    at Script.oncomplete (chrome-extension://iikmkjmpaadaobahmlepeloendndfphd/userscript.html?name=OCS-%25E7%25BD%2591%25E8%25AF%25BE%25E5%258A%25A9%25E6%2589%258B.user.js&id=7b799955-d64b-4a49-affb-79e5776c8306:2019:47)\\n    at chrome-extension://iikmkjmpaadaobahmlepeloendndfphd/userscript.html?name=OCS-%25E7%25BD%2591%25E8%25AF%25BE%25E5%258A%25A9%25E6%2589%258B.user.js&id=7b799955-d64b-4a49-affb-79e5776c8306:612:58\\n    at Array.forEach (<anonymous>)\\n    at HTMLDocument.<anonymous> (chrome-extension://iikmkjmpaadaobahmlepeloendndfphd/userscript.html?name=OCS-%25E7%25BD%2591%25E8%25AF%25BE%25E5%258A%25A9%25E6%2589%258B.user.js&id=7b799955-d64b-4a49-affb-79e5776c8306:609:17)\"},{\"type\": \"log\",\"content\": \"识别繁体字完成。\",\"time\": 1697087686155,\"stack\": \"\\n    at Proxy.<anonymous> (chrome-extension://iikmkjmpaadaobahmlepeloendndfphd/userscript.html?name=OCS-%25E7%25BD%2591%25E8%25AF%25BE%25E5%258A%25A9%25E6%2589%258B.user.js&id=7b799955-d64b-4a49-affb-79e5776c8306:6861:19)\\n    at mappingRecognize (chrome-extension://iikmkjmpaadaobahmlepeloendndfphd/userscript.html?name=OCS-%25E7%25BD%2591%25E8%25AF%25BE%25E5%258A%25A9%25E6%2589%258B.user.js&id=7b799955-d64b-4a49-affb-79e5776c8306:11305:18)\\n    at Script.oncomplete (chrome-extension://iikmkjmpaadaobahmlepeloendndfphd/userscript.html?name=OCS-%25E7%25BD%2591%25E8%25AF%25BE%25E5%258A%25A9%25E6%2589%258B.user.js&id=7b799955-d64b-4a49-affb-79e5776c8306:11116:17)\\n    at Script.oncomplete (chrome-extension://iikmkjmpaadaobahmlepeloendndfphd/userscript.html?name=OCS-%25E7%25BD%2591%25E8%25AF%25BE%25E5%258A%25A9%25E6%2589%258B.user.js&id=7b799955-d64b-4a49-affb-79e5776c8306:2019:47)\\n    at chrome-extension://iikmkjmpaadaobahmlepeloendndfphd/userscript.html?name=OCS-%25E7%25BD%2591%25E8%25AF%25BE%25E5%258A%25A9%25E6%2589%258B.user.js&id=7b799955-d64b-4a49-affb-79e5776c8306:612:58\\n    at Array.forEach (<anonymous>)\\n    at HTMLDocument.<anonymous> (chrome-extension://iikmkjmpaadaobahmlepeloendndfphd/userscript.html?name=OCS-%25E7%25BD%2591%25E8%25AF%25BE%25E5%258A%25A9%25E6%2589%258B.user.js&id=7b799955-d64b-4a49-affb-79e5776c8306:609:17)\"},{\"type\": \"log\",\"content\": \"开始答题 :  15.1 怎样才能快乐\",\"time\": 1697087689184,\"stack\": \"\\n    at Proxy.<anonymous> (chrome-extension://iikmkjmpaadaobahmlepeloendndfphd/userscript.html?name=OCS-%25E7%25BD%2591%25E8%25AF%25BE%25E5%258A%25A9%25E6%2589%258B.user.js&id=7b799955-d64b-4a49-affb-79e5776c8306:6861:19)\\n    at Object.func (chrome-extension://iikmkjmpaadaobahmlepeloendndfphd/userscript.html?name=OCS-%25E7%25BD%2591%25E8%25AF%25BE%25E5%258A%25A9%25E6%2589%258B.user.js&id=7b799955-d64b-4a49-affb-79e5776c8306:11567:28)\\n    at runJobs (chrome-extension://iikmkjmpaadaobahmlepeloendndfphd/userscript.html?name=OCS-%25E7%25BD%2591%25E8%25AF%25BE%25E5%258A%25A9%25E6%2589%258B.user.js&id=7b799955-d64b-4a49-affb-79e5776c8306:11451:21)\\n    at study (chrome-extension://iikmkjmpaadaobahmlepeloendndfphd/userscript.html?name=OCS-%25E7%25BD%2591%25E8%25AF%25BE%25E5%258A%25A9%25E6%2589%258B.user.js&id=7b799955-d64b-4a49-affb-79e5776c8306:11466:11)\\n    at async Script.oncomplete (chrome-extension://iikmkjmpaadaobahmlepeloendndfphd/userscript.html?name=OCS-%25E7%25BD%2591%25E8%25AF%25BE%25E5%258A%25A9%25E6%2589%258B.user.js&id=7b799955-d64b-4a49-affb-79e5776c8306:10894:13)\"},{\"type\": \"info\",\"content\": \"开始章节测试\",\"time\": 1697087689188,\"stack\": \"\\n    at Proxy.<anonymous> (chrome-extension://iikmkjmpaadaobahmlepeloendndfphd/userscript.html?name=OCS-%25E7%25BD%2591%25E8%25AF%25BE%25E5%258A%25A9%25E6%2589%258B.user.js&id=7b799955-d64b-4a49-affb-79e5776c8306:6861:19)\\n    at chapterTestTask (chrome-extension://iikmkjmpaadaobahmlepeloendndfphd/userscript.html?name=OCS-%25E7%25BD%2591%25E8%25AF%25BE%25E5%258A%25A9%25E6%2589%258B.user.js&id=7b799955-d64b-4a49-affb-79e5776c8306:11666:14)\\n    at Object.func (chrome-extension://iikmkjmpaadaobahmlepeloendndfphd/userscript.html?name=OCS-%25E7%25BD%2591%25E8%25AF%25BE%25E5%258A%25A9%25E6%2589%258B.user.js&id=7b799955-d64b-4a49-affb-79e5776c8306:11568:26)\\n    at runJobs (chrome-extension://iikmkjmpaadaobahmlepeloendndfphd/userscript.html?name=OCS-%25E7%25BD%2591%25E8%25AF%25BE%25E5%258A%25A9%25E6%2589%258B.user.js&id=7b799955-d64b-4a49-affb-79e5776c8306:11451:21)\\n    at study (chrome-extension://iikmkjmpaadaobahmlepeloendndfphd/userscript.html?name=OCS-%25E7%25BD%2591%25E8%25AF%25BE%25E5%258A%25A9%25E6%2589%258B.user.js&id=7b799955-d64b-4a49-affb-79e5776c8306:11466:11)\\n    at async Script.oncomplete (chrome-extension://iikmkjmpaadaobahmlepeloendndfphd/userscript.html?name=OCS-%25E7%25BD%2591%25E8%25AF%25BE%25E5%258A%25A9%25E6%2589%258B.user.js&id=7b799955-d64b-4a49-affb-79e5776c8306:10894:13)\"},{\"type\": \"info\",\"content\": \"页面任务点已完成，即将切换下一章。\",\"time\": 1697087710453,\"stack\": \"\\n    at Proxy.<anonymous> (chrome-extension://iikmkjmpaadaobahmlepeloendndfphd/userscript.html?name=OCS-%25E7%25BD%2591%25E8%25AF%25BE%25E5%258A%25A9%25E6%2589%258B.user.js&id=7b799955-d64b-4a49-affb-79e5776c8306:6861:19)\\n    at study (chrome-extension://iikmkjmpaadaobahmlepeloendndfphd/userscript.html?name=OCS-%25E7%25BD%2591%25E8%25AF%25BE%25E5%258A%25A9%25E6%2589%258B.user.js&id=7b799955-d64b-4a49-affb-79e5776c8306:11503:16)\\n    at async Script.oncomplete (chrome-extension://iikmkjmpaadaobahmlepeloendndfphd/userscript.html?name=OCS-%25E7%25BD%2591%25E8%25AF%25BE%25E5%258A%25A9%25E6%2589%258B.user.js&id=7b799955-d64b-4a49-affb-79e5776c8306:10894:13)\"},{\"type\": \"info\",\"content\": \"页面任务点已完成，即将切换下一章。\",\"time\": 1697087734447,\"stack\": \"\\n    at Proxy.<anonymous> (chrome-extension://iikmkjmpaadaobahmlepeloendndfphd/userscript.html?name=OCS-%25E7%25BD%2591%25E8%25AF%25BE%25E5%258A%25A9%25E6%2589%258B.user.js&id=7b799955-d64b-4a49-affb-79e5776c8306:6861:19)\\n    at study (chrome-extension://iikmkjmpaadaobahmlepeloendndfphd/userscript.html?name=OCS-%25E7%25BD%2591%25E8%25AF%25BE%25E5%258A%25A9%25E6%2589%258B.user.js&id=7b799955-d64b-4a49-affb-79e5776c8306:11503:16)\\n    at async Script.oncomplete (chrome-extension://iikmkjmpaadaobahmlepeloendndfphd/userscript.html?name=OCS-%25E7%25BD%2591%25E8%25AF%25BE%25E5%258A%25A9%25E6%2589%258B.user.js&id=7b799955-d64b-4a49-affb-79e5776c8306:10894:13)\"},{\"type\": \"info\",\"content\": \"页面任务点已完成，即将切换下一章。\",\"time\": 1697087792462,\"stack\": \"\\n    at Proxy.<anonymous> (chrome-extension://iikmkjmpaadaobahmlepeloendndfphd/userscript.html?name=OCS-%25E7%25BD%2591%25E8%25AF%25BE%25E5%258A%25A9%25E6%2589%258B.user.js&id=7b799955-d64b-4a49-affb-79e5776c8306:6861:19)\\n    at study (chrome-extension://iikmkjmpaadaobahmlepeloendndfphd/userscript.html?name=OCS-%25E7%25BD%2591%25E8%25AF%25BE%25E5%258A%25A9%25E6%2589%258B.user.js&id=7b799955-d64b-4a49-affb-79e5776c8306:11503:16)\\n    at async Script.oncomplete (chrome-extension://iikmkjmpaadaobahmlepeloendndfphd/userscript.html?name=OCS-%25E7%25BD%2591%25E8%25AF%25BE%25E5%258A%25A9%25E6%2589%258B.user.js&id=7b799955-d64b-4a49-affb-79e5776c8306:10894:13)\"},{\"type\": \"log\",\"content\": \"即将重新播放 :  10.1 认知改变与幸福感（一）.mp4\",\"time\": 1697087804462,\"stack\": \"\\n    at Proxy.<anonymous> (chrome-extension://iikmkjmpaadaobahmlepeloendndfphd/userscript.html?name=OCS-%25E7%25BD%2591%25E8%25AF%25BE%25E5%258A%25A9%25E6%2589%258B.user.js&id=7b799955-d64b-4a49-affb-79e5776c8306:6861:19)\\n    at Object.func (chrome-extension://iikmkjmpaadaobahmlepeloendndfphd/userscript.html?name=OCS-%25E7%25BD%2591%25E8%25AF%25BE%25E5%258A%25A9%25E6%2589%258B.user.js&id=7b799955-d64b-4a49-affb-79e5776c8306:11556:28)\\n    at runJobs (chrome-extension://iikmkjmpaadaobahmlepeloendndfphd/userscript.html?name=OCS-%25E7%25BD%2591%25E8%25AF%25BE%25E5%258A%25A9%25E6%2589%258B.user.js&id=7b799955-d64b-4a49-affb-79e5776c8306:11451:21)\\n    at study (chrome-extension://iikmkjmpaadaobahmlepeloendndfphd/userscript.html?name=OCS-%25E7%25BD%2591%25E8%25AF%25BE%25E5%258A%25A9%25E6%2589%258B.user.js&id=7b799955-d64b-4a49-affb-79e5776c8306:11466:11)\\n    at async Script.oncomplete (chrome-extension://iikmkjmpaadaobahmlepeloendndfphd/userscript.html?name=OCS-%25E7%25BD%2591%25E8%25AF%25BE%25E5%258A%25A9%25E6%2589%258B.user.js&id=7b799955-d64b-4a49-affb-79e5776c8306:10894:13)\"},{\"type\": \"log\",\"content\": \"视频开始播放\",\"time\": 1697087804465,\"stack\": \"\\n    at Proxy.<anonymous> (chrome-extension://iikmkjmpaadaobahmlepeloendndfphd/userscript.html?name=OCS-%25E7%25BD%2591%25E8%25AF%25BE%25E5%258A%25A9%25E6%2589%258B.user.js&id=7b799955-d64b-4a49-affb-79e5776c8306:6861:19)\\n    at chrome-extension://iikmkjmpaadaobahmlepeloendndfphd/userscript.html?name=OCS-%25E7%25BD%2591%25E8%25AF%25BE%25E5%258A%25A9%25E6%2589%258B.user.js&id=7b799955-d64b-4a49-affb-79e5776c8306:11649:16\\n    at new Promise (<anonymous>)\\n    at mediaTask (chrome-extension://iikmkjmpaadaobahmlepeloendndfphd/userscript.html?name=OCS-%25E7%25BD%2591%25E8%25AF%25BE%25E5%258A%25A9%25E6%2589%258B.user.js&id=7b799955-d64b-4a49-affb-79e5776c8306:11634:11)\\n    at Object.func (chrome-extension://iikmkjmpaadaobahmlepeloendndfphd/userscript.html?name=OCS-%25E7%25BD%2591%25E8%25AF%25BE%25E5%258A%25A9%25E6%2589%258B.user.js&id=7b799955-d64b-4a49-affb-79e5776c8306:11557:26)\\n    at runJobs (chrome-extension://iikmkjmpaadaobahmlepeloendndfphd/userscript.html?name=OCS-%25E7%25BD%2591%25E8%25AF%25BE%25E5%258A%25A9%25E6%2589%258B.user.js&id=7b799955-d64b-4a49-affb-79e5776c8306:11451:21)\\n    at study (chrome-extension://iikmkjmpaadaobahmlepeloendndfphd/userscript.html?name=OCS-%25E7%25BD%2591%25E8%25AF%25BE%25E5%258A%25A9%25E6%2589%258B.user.js&id=7b799955-d64b-4a49-affb-79e5776c8306:11466:11)\\n    at async Script.oncomplete (chrome-extension://iikmkjmpaadaobahmlepeloendndfphd/userscript.html?name=OCS-%25E7%25BD%2591%25E8%25AF%25BE%25E5%258A%25A9%25E6%2589%258B.user.js&id=7b799955-d64b-4a49-affb-79e5776c8306:10894:13)\"},{\"type\": \"info\",\"content\": \"页面任务点已完成，即将切换下一章。\",\"time\": 1697088025505,\"stack\": \"\\n    at Proxy.<anonymous> (chrome-extension://iikmkjmpaadaobahmlepeloendndfphd/userscript.html?name=OCS-%25E7%25BD%2591%25E8%25AF%25BE%25E5%258A%25A9%25E6%2589%258B.user.js&id=7b799955-d64b-4a49-affb-79e5776c8306:6861:19)\\n    at study (chrome-extension://iikmkjmpaadaobahmlepeloendndfphd/userscript.html?name=OCS-%25E7%25BD%2591%25E8%25AF%25BE%25E5%258A%25A9%25E6%2589%258B.user.js&id=7b799955-d64b-4a49-affb-79e5776c8306:11503:16)\\n    at async Script.oncomplete (chrome-extension://iikmkjmpaadaobahmlepeloendndfphd/userscript.html?name=OCS-%25E7%25BD%2591%25E8%25AF%25BE%25E5%258A%25A9%25E6%2589%258B.user.js&id=7b799955-d64b-4a49-affb-79e5776c8306:10894:13)\"},{\"type\": \"log\",\"content\": \"即将重新播放 :  实验一  JSP运行环境安装及常用HTML标记使用.mp4\",\"time\": 1697266128870,\"stack\": \"\\n    at Proxy.<anonymous> (chrome-extension://iikmkjmpaadaobahmlepeloendndfphd/userscript.html?name=OCS-%25E7%25BD%2591%25E8%25AF%25BE%25E5%258A%25A9%25E6%2589%258B.user.js&id=7b799955-d64b-4a49-affb-79e5776c8306:6861:19)\\n    at Object.func (chrome-extension://iikmkjmpaadaobahmlepeloendndfphd/userscript.html?name=OCS-%25E7%25BD%2591%25E8%25AF%25BE%25E5%258A%25A9%25E6%2589%258B.user.js&id=7b799955-d64b-4a49-affb-79e5776c8306:11556:28)\\n    at runJobs (chrome-extension://iikmkjmpaadaobahmlepeloendndfphd/userscript.html?name=OCS-%25E7%25BD%2591%25E8%25AF%25BE%25E5%258A%25A9%25E6%2589%258B.user.js&id=7b799955-d64b-4a49-affb-79e5776c8306:11451:21)\\n    at study (chrome-extension://iikmkjmpaadaobahmlepeloendndfphd/userscript.html?name=OCS-%25E7%25BD%2591%25E8%25AF%25BE%25E5%258A%25A9%25E6%2589%258B.user.js&id=7b799955-d64b-4a49-affb-79e5776c8306:11466:11)\\n    at async Script.oncomplete (chrome-extension://iikmkjmpaadaobahmlepeloendndfphd/userscript.html?name=OCS-%25E7%25BD%2591%25E8%25AF%25BE%25E5%258A%25A9%25E6%2589%258B.user.js&id=7b799955-d64b-4a49-affb-79e5776c8306:10894:13)\"},{\"type\": \"log\",\"content\": \"视频开始播放\",\"time\": 1697266128872,\"stack\": \"\\n    at Proxy.<anonymous> (chrome-extension://iikmkjmpaadaobahmlepeloendndfphd/userscript.html?name=OCS-%25E7%25BD%2591%25E8%25AF%25BE%25E5%258A%25A9%25E6%2589%258B.user.js&id=7b799955-d64b-4a49-affb-79e5776c8306:6861:19)\\n    at chrome-extension://iikmkjmpaadaobahmlepeloendndfphd/userscript.html?name=OCS-%25E7%25BD%2591%25E8%25AF%25BE%25E5%258A%25A9%25E6%2589%258B.user.js&id=7b799955-d64b-4a49-affb-79e5776c8306:11649:16\\n    at new Promise (<anonymous>)\\n    at mediaTask (chrome-extension://iikmkjmpaadaobahmlepeloendndfphd/userscript.html?name=OCS-%25E7%25BD%2591%25E8%25AF%25BE%25E5%258A%25A9%25E6%2589%258B.user.js&id=7b799955-d64b-4a49-affb-79e5776c8306:11634:11)\\n    at Object.func (chrome-extension://iikmkjmpaadaobahmlepeloendndfphd/userscript.html?name=OCS-%25E7%25BD%2591%25E8%25AF%25BE%25E5%258A%25A9%25E6%2589%258B.user.js&id=7b799955-d64b-4a49-affb-79e5776c8306:11557:26)\\n    at runJobs (chrome-extension://iikmkjmpaadaobahmlepeloendndfphd/userscript.html?name=OCS-%25E7%25BD%2591%25E8%25AF%25BE%25E5%258A%25A9%25E6%2589%258B.user.js&id=7b799955-d64b-4a49-affb-79e5776c8306:11451:21)\\n    at study (chrome-extension://iikmkjmpaadaobahmlepeloendndfphd/userscript.html?name=OCS-%25E7%25BD%2591%25E8%25AF%25BE%25E5%258A%25A9%25E6%2589%258B.user.js&id=7b799955-d64b-4a49-affb-79e5776c8306:11466:11)\\n    at async Script.oncomplete (chrome-extension://iikmkjmpaadaobahmlepeloendndfphd/userscript.html?name=OCS-%25E7%25BD%2591%25E8%25AF%25BE%25E5%258A%25A9%25E6%2589%258B.user.js&id=7b799955-d64b-4a49-affb-79e5776c8306:10894:13)\"},{\"type\": \"log\",\"content\": \"视频播放完毕\",\"time\": 1697267295824,\"stack\": \"\\n    at Proxy.<anonymous> (chrome-extension://iikmkjmpaadaobahmlepeloendndfphd/userscript.html?name=OCS-%25E7%25BD%2591%25E8%25AF%25BE%25E5%258A%25A9%25E6%2589%258B.user.js&id=7b799955-d64b-4a49-affb-79e5776c8306:6861:19)\\n    at HTMLVideoElement.<anonymous> (chrome-extension://iikmkjmpaadaobahmlepeloendndfphd/userscript.html?name=OCS-%25E7%25BD%2591%25E8%25AF%25BE%25E5%258A%25A9%25E6%2589%258B.user.js&id=7b799955-d64b-4a49-affb-79e5776c8306:11644:18)\"},{\"type\": \"info\",\"content\": \"页面任务点已完成，即将切换下一章。\",\"time\": 1697267299864,\"stack\": \"\\n    at Proxy.<anonymous> (chrome-extension://iikmkjmpaadaobahmlepeloendndfphd/userscript.html?name=OCS-%25E7%25BD%2591%25E8%25AF%25BE%25E5%258A%25A9%25E6%2589%258B.user.js&id=7b799955-d64b-4a49-affb-79e5776c8306:6861:19)\\n    at study (chrome-extension://iikmkjmpaadaobahmlepeloendndfphd/userscript.html?name=OCS-%25E7%25BD%2591%25E8%25AF%25BE%25E5%258A%25A9%25E6%2589%258B.user.js&id=7b799955-d64b-4a49-affb-79e5776c8306:11503:16)\\n    at async Script.oncomplete (chrome-extension://iikmkjmpaadaobahmlepeloendndfphd/userscript.html?name=OCS-%25E7%25BD%2591%25E8%25AF%25BE%25E5%258A%25A9%25E6%2589%258B.user.js&id=7b799955-d64b-4a49-affb-79e5776c8306:10894:13)\"},{\"type\": \"log\",\"content\": \"即将重新播放 :  实验二  JSP表单开发及访问数据库.mp4\",\"time\": 1697267310048,\"stack\": \"\\n    at Proxy.<anonymous> (chrome-extension://iikmkjmpaadaobahmlepeloendndfphd/userscript.html?name=OCS-%25E7%25BD%2591%25E8%25AF%25BE%25E5%258A%25A9%25E6%2589%258B.user.js&id=7b799955-d64b-4a49-affb-79e5776c8306:6861:19)\\n    at Object.func (chrome-extension://iikmkjmpaadaobahmlepeloendndfphd/userscript.html?name=OCS-%25E7%25BD%2591%25E8%25AF%25BE%25E5%258A%25A9%25E6%2589%258B.user.js&id=7b799955-d64b-4a49-affb-79e5776c8306:11556:28)\\n    at runJobs (chrome-extension://iikmkjmpaadaobahmlepeloendndfphd/userscript.html?name=OCS-%25E7%25BD%2591%25E8%25AF%25BE%25E5%258A%25A9%25E6%2589%258B.user.js&id=7b799955-d64b-4a49-affb-79e5776c8306:11451:21)\\n    at study (chrome-extension://iikmkjmpaadaobahmlepeloendndfphd/userscript.html?name=OCS-%25E7%25BD%2591%25E8%25AF%25BE%25E5%258A%25A9%25E6%2589%258B.user.js&id=7b799955-d64b-4a49-affb-79e5776c8306:11466:11)\\n    at async Script.oncomplete (chrome-extension://iikmkjmpaadaobahmlepeloendndfphd/userscript.html?name=OCS-%25E7%25BD%2591%25E8%25AF%25BE%25E5%258A%25A9%25E6%2589%258B.user.js&id=7b799955-d64b-4a49-affb-79e5776c8306:10894:13)\"},{\"type\": \"log\",\"content\": \"视频开始播放\",\"time\": 1697267310051,\"stack\": \"\\n    at Proxy.<anonymous> (chrome-extension://iikmkjmpaadaobahmlepeloendndfphd/userscript.html?name=OCS-%25E7%25BD%2591%25E8%25AF%25BE%25E5%258A%25A9%25E6%2589%258B.user.js&id=7b799955-d64b-4a49-affb-79e5776c8306:6861:19)\\n    at chrome-extension://iikmkjmpaadaobahmlepeloendndfphd/userscript.html?name=OCS-%25E7%25BD%2591%25E8%25AF%25BE%25E5%258A%25A9%25E6%2589%258B.user.js&id=7b799955-d64b-4a49-affb-79e5776c8306:11649:16\\n    at new Promise (<anonymous>)\\n    at mediaTask (chrome-extension://iikmkjmpaadaobahmlepeloendndfphd/userscript.html?name=OCS-%25E7%25BD%2591%25E8%25AF%25BE%25E5%258A%25A9%25E6%2589%258B.user.js&id=7b799955-d64b-4a49-affb-79e5776c8306:11634:11)\\n    at Object.func (chrome-extension://iikmkjmpaadaobahmlepeloendndfphd/userscript.html?name=OCS-%25E7%25BD%2591%25E8%25AF%25BE%25E5%258A%25A9%25E6%2589%258B.user.js&id=7b799955-d64b-4a49-affb-79e5776c8306:11557:26)\\n    at runJobs (chrome-extension://iikmkjmpaadaobahmlepeloendndfphd/userscript.html?name=OCS-%25E7%25BD%2591%25E8%25AF%25BE%25E5%258A%25A9%25E6%2589%258B.user.js&id=7b799955-d64b-4a49-affb-79e5776c8306:11451:21)\\n    at study (chrome-extension://iikmkjmpaadaobahmlepeloendndfphd/userscript.html?name=OCS-%25E7%25BD%2591%25E8%25AF%25BE%25E5%258A%25A9%25E6%2589%258B.user.js&id=7b799955-d64b-4a49-affb-79e5776c8306:11466:11)\\n    at async Script.oncomplete (chrome-extension://iikmkjmpaadaobahmlepeloendndfphd/userscript.html?name=OCS-%25E7%25BD%2591%25E8%25AF%25BE%25E5%258A%25A9%25E6%2589%258B.user.js&id=7b799955-d64b-4a49-affb-79e5776c8306:10894:13)\"},{\"type\": \"log\",\"content\": \"即将重新播放 :  实验一  JSP运行环境安装及常用HTML标记使用.mp4\",\"time\": 1697269804470,\"stack\": \"\\n    at Proxy.<anonymous> (chrome-extension://iikmkjmpaadaobahmlepeloendndfphd/userscript.html?name=OCS-%25E7%25BD%2591%25E8%25AF%25BE%25E5%258A%25A9%25E6%2589%258B.user.js&id=7b799955-d64b-4a49-affb-79e5776c8306:6861:19)\\n    at Object.func (chrome-extension://iikmkjmpaadaobahmlepeloendndfphd/userscript.html?name=OCS-%25E7%25BD%2591%25E8%25AF%25BE%25E5%258A%25A9%25E6%2589%258B.user.js&id=7b799955-d64b-4a49-affb-79e5776c8306:11556:28)\\n    at runJobs (chrome-extension://iikmkjmpaadaobahmlepeloendndfphd/userscript.html?name=OCS-%25E7%25BD%2591%25E8%25AF%25BE%25E5%258A%25A9%25E6%2589%258B.user.js&id=7b799955-d64b-4a49-affb-79e5776c8306:11451:21)\\n    at study (chrome-extension://iikmkjmpaadaobahmlepeloendndfphd/userscript.html?name=OCS-%25E7%25BD%2591%25E8%25AF%25BE%25E5%258A%25A9%25E6%2589%258B.user.js&id=7b799955-d64b-4a49-affb-79e5776c8306:11466:11)\\n    at async Script.oncomplete (chrome-extension://iikmkjmpaadaobahmlepeloendndfphd/userscript.html?name=OCS-%25E7%25BD%2591%25E8%25AF%25BE%25E5%258A%25A9%25E6%2589%258B.user.js&id=7b799955-d64b-4a49-affb-79e5776c8306:10894:13)\"},{\"type\": \"log\",\"content\": \"视频开始播放\",\"time\": 1697269804473,\"stack\": \"\\n    at Proxy.<anonymous> (chrome-extension://iikmkjmpaadaobahmlepeloendndfphd/userscript.html?name=OCS-%25E7%25BD%2591%25E8%25AF%25BE%25E5%258A%25A9%25E6%2589%258B.user.js&id=7b799955-d64b-4a49-affb-79e5776c8306:6861:19)\\n    at chrome-extension://iikmkjmpaadaobahmlepeloendndfphd/userscript.html?name=OCS-%25E7%25BD%2591%25E8%25AF%25BE%25E5%258A%25A9%25E6%2589%258B.user.js&id=7b799955-d64b-4a49-affb-79e5776c8306:11649:16\\n    at new Promise (<anonymous>)\\n    at mediaTask (chrome-extension://iikmkjmpaadaobahmlepeloendndfphd/userscript.html?name=OCS-%25E7%25BD%2591%25E8%25AF%25BE%25E5%258A%25A9%25E6%2589%258B.user.js&id=7b799955-d64b-4a49-affb-79e5776c8306:11634:11)\\n    at Object.func (chrome-extension://iikmkjmpaadaobahmlepeloendndfphd/userscript.html?name=OCS-%25E7%25BD%2591%25E8%25AF%25BE%25E5%258A%25A9%25E6%2589%258B.user.js&id=7b799955-d64b-4a49-affb-79e5776c8306:11557:26)\\n    at runJobs (chrome-extension://iikmkjmpaadaobahmlepeloendndfphd/userscript.html?name=OCS-%25E7%25BD%2591%25E8%25AF%25BE%25E5%258A%25A9%25E6%2589%258B.user.js&id=7b799955-d64b-4a49-affb-79e5776c8306:11451:21)\\n    at study (chrome-extension://iikmkjmpaadaobahmlepeloendndfphd/userscript.html?name=OCS-%25E7%25BD%2591%25E8%25AF%25BE%25E5%258A%25A9%25E6%2589%258B.user.js&id=7b799955-d64b-4a49-affb-79e5776c8306:11466:11)\\n    at async Script.oncomplete (chrome-extension://iikmkjmpaadaobahmlepeloendndfphd/userscript.html?name=OCS-%25E7%25BD%2591%25E8%25AF%25BE%25E5%258A%25A9%25E6%2589%258B.user.js&id=7b799955-d64b-4a49-affb-79e5776c8306:10894:13)\"},{\"type\": \"info\",\"content\": \"页面任务点已完成，即将切换下一章。\",\"time\": 1697271159351,\"stack\": \"\\n    at Proxy.<anonymous> (chrome-extension://iikmkjmpaadaobahmlepeloendndfphd/userscript.html?name=OCS-%25E7%25BD%2591%25E8%25AF%25BE%25E5%258A%25A9%25E6%2589%258B.user.js&id=7b799955-d64b-4a49-affb-79e5776c8306:6861:19)\\n    at study (chrome-extension://iikmkjmpaadaobahmlepeloendndfphd/userscript.html?name=OCS-%25E7%25BD%2591%25E8%25AF%25BE%25E5%258A%25A9%25E6%2589%258B.user.js&id=7b799955-d64b-4a49-affb-79e5776c8306:11503:16)\\n    at async Script.oncomplete (chrome-extension://iikmkjmpaadaobahmlepeloendndfphd/userscript.html?name=OCS-%25E7%25BD%2591%25E8%25AF%25BE%25E5%258A%25A9%25E6%2589%258B.user.js&id=7b799955-d64b-4a49-affb-79e5776c8306:10894:13)\"}]","render.console.notes":"uundefined","render.panel.firstCloseAlert":"btrue","render.panel.fontsize":"n14","render.panel.lockConfigs":"bfalse","render.panel.lockMessage":"s当前脚本已锁定配置，无法修改","render.panel.notes":"s<ul><li><div>如果需要隐藏整个窗口，可以点击下方隐藏按钮，</div><div>隐藏后可以快速三击屏幕中的任意地方</div><div>来重新显示窗口。</div></li><li><div>窗口连续点击显示的次数可以自定义，默认为三次</div></li></ul>","render.panel.switchPoint":"n3","render.panel.visual":"sminimize","render.panel.x":"n80","render.panel.y":"n60","zhs.guide.notes":"s<ul><li><div>请手动进入视频、作业、考试页面，脚本会自动运行。</div></li><li><div>兴趣课会自动下一个，所以不提供脚本。</div></li></ul>","zhs.gxk.study.autoSetViewPort":"bfalse","zhs.gxk.study.definition":"sline1bq","zhs.gxk.study.notes":"s<ul><li><div>章节测试请大家观看完视频后手动打开。</div></li><li><div>请大家仔细打开视频上方的”学前必读“，查看成绩分布。</div><div>如果 “平时成绩-学习习惯成绩” 占比多的话，就需要规律学习。</div><div>每天定时半小时可获得一分习惯分。</div><div>如果不想要习惯分可忽略。</div></li><li><div>不要最小化浏览器，可能导致脚本暂停。</div></li><li><div>运行过程中请最小化脚本窗口，避免窗口遮挡，无法点击元素</div></li></ul>","zhs.gxk.study.playbackRate":"n1.25","zhs.gxk.study.restudy":"btrue","zhs.gxk.study.stopTime":"s0","zhs.gxk.study.studyRecord":"o[{\"date\": 1695036887913,\"courses\": [{\"name\": \"改革开放与新时代\",\"time\": 4930.5}]},{\"date\": 1695084077058,\"courses\": [{\"name\": \"改革开放与新时代\",\"time\": 1681}]},{\"date\": 1695169129976,\"courses\": [{\"name\": \"改革开放与新时代\",\"time\": 1475}]},{\"date\": 1695257735717,\"courses\": [{\"name\": \"改革开放与新时代\",\"time\": 14271}]},{\"date\": 1695524855839,\"courses\": [{\"name\": \"改革开放与新时代\",\"time\": 2545}]},{\"date\": 1695603603202,\"courses\": [{\"name\": \"改革开放与新时代\",\"time\": 3080}]},{\"date\": 1696762847956,\"courses\": [{\"name\": \"改革开放与新时代\",\"time\": 4630}]}]","zhs.gxk.study.volume":"s0","zhs.gxk.work.notes":"s<ul><li><div>📢 如果未开始答题，请尝试刷新页面。</div></li><li><div>自动答题前请在 “通用-全局设置” 中设置题库配置。</div></li><li><div>可以搭配 “通用-在线搜题” 一起使用。</div></li></ul>","zhs.xnk.study.notes":"s<ul><li><div>章节测试请大家观看完视频后手动打开。</div></li><li><div>此课程不能使用倍速。</div></li></ul>","zhs.xnk.study.restudy":"bfalse","zhs.xnk.study.volume":"n0","zhs.xnk.work.notes":"s<ul><li><div>自动答题前请在 “通用-全局设置” 中设置题库配置。</div></li><li><div>可以搭配 “通用-在线搜题” 一起使用。</div></li></ul>","zjy.study.guide.notes":"s请点击任意章节，进入学习。","zjy.study.main.notes":"s<ul><li><div>如果脚本卡死或者您不想学习，</div><div>可以点击其他任意章节继续进行学习。</div></li><li><div>提示：职教云无法使用倍速。</div></li></ul>","zjy.study.main.volume":"n0"}}