{"options":{"check_for_updates":true,"comment":null,"compat_foreach":false,"compat_metadata":false,"compat_powerful_this":null,"compat_wrappedjsobject":false,"compatopts_for_requires":true,"noframes":null,"override":{"merge_connects":true,"merge_excludes":true,"merge_includes":true,"merge_matches":true,"orig_connects":["enncy.cn","icodef.com","ocsjs.com","localhost"],"orig_excludes":[],"orig_includes":[],"orig_matches":["*://*.zhihuishu.com/*","*://*.chaoxing.com/*","*://*.edu.cn/*","*://*.org.cn/*","*://*.xueyinonline.com/*","*://*.hnsyu.net/*","*://*.icve.com.cn/*","*://*.course.icve.com.cn/*","*://*.zjy2.icve.com.cn/*"],"orig_noframes":null,"orig_run_at":"document-start","use_blockers":[],"use_connects":[],"use_excludes":[],"use_includes":[],"use_matches":[]},"run_at":null,"sandbox":null,"tab_types":null,"unwrap":null},"settings":{"enabled":false,"position":1},"meta":{"name":"OCS 网课助手","uuid":"7b799955-d64b-4a49-affb-79e5776c8306","modified":1696815386601,"file_url":"https://greasyfork.org/scripts/457151-ocs-%E7%BD%91%E8%AF%BE%E5%8A%A9%E6%89%8B/code/OCS%20%E7%BD%91%E8%AF%BE%E5%8A%A9%E6%89%8B.user.js"}}