{"options":{"check_for_updates":true,"comment":null,"compat_foreach":false,"compat_metadata":false,"compat_powerful_this":null,"compat_wrappedjsobject":false,"compatopts_for_requires":true,"noframes":null,"override":{"merge_connects":true,"merge_excludes":true,"merge_includes":true,"merge_matches":true,"orig_connects":[],"orig_excludes":[],"orig_includes":[],"orig_matches":["*://www.uooc.net.cn/exam/*","*://www.uooconline.com/exam/*","*://*.zhihuishu.com/*","*://*.chaoxing.com/*"],"orig_noframes":null,"orig_run_at":"document-idle","use_blockers":[],"use_connects":["cx.icodef.com"],"use_excludes":[],"use_includes":[],"use_matches":[]},"run_at":null,"sandbox":null,"tab_types":null,"unwrap":null},"settings":{"enabled":false,"position":2},"meta":{"name":"uooc/优课/智慧树 查题小组手","uuid":"3c358099-e9bc-4d1b-b7d3-a05bb035c3f9","modified":1695037705180,"file_url":"https://greasyfork.org/scripts/444829-uooc-%E4%BC%98%E8%AF%BE-%E6%99%BA%E6%85%A7%E6%A0%91-%E6%9F%A5%E9%A2%98%E5%B0%8F%E7%BB%84%E6%89%8B/code/uooc%E4%BC%98%E8%AF%BE%E6%99%BA%E6%85%A7%E6%A0%91%20%E6%9F%A5%E9%A2%98%E5%B0%8F%E7%BB%84%E6%89%8B.user.js"}}