{"options":{"check_for_updates":true,"comment":null,"compat_foreach":false,"compat_metadata":false,"compat_powerful_this":null,"compat_wrappedjsobject":false,"compatopts_for_requires":true,"noframes":null,"override":{"merge_connects":true,"merge_excludes":true,"merge_includes":true,"merge_matches":true,"orig_connects":[],"orig_excludes":[],"orig_includes":[],"orig_matches":["*://studyh5.zhihuishu.com/videoStudy.html*"],"orig_noframes":null,"orig_run_at":"document-idle","use_blockers":[],"use_connects":[],"use_excludes":[],"use_includes":[],"use_matches":[]},"run_at":null,"sandbox":null,"tab_types":null,"unwrap":null},"settings":{"enabled":true,"position":4},"meta":{"name":"知到智慧树刷课","uuid":"73976fc3-3b68-4e6d-96bc-29113cab9157","modified":1695194049911,"file_url":"https://greasyfork.org/scripts/406653-%E7%9F%A5%E5%88%B0%E6%99%BA%E6%85%A7%E6%A0%91%E5%88%B7%E8%AF%BE/code/%E7%9F%A5%E5%88%B0%E6%99%BA%E6%85%A7%E6%A0%91%E5%88%B7%E8%AF%BE.user.js"}}