{"ts":1695040094187,"data":{"20230524":"o{\"ua\": \"Dalvik/2.1.0 (Linux; U; Android 11; M3121K1AB Build/SKQ1.211006.001) (device:M3121K1AB) Language/zh_CN com.chaoxing.mobile/ChaoXingStudy_3_5.1.4_android_phone_614_74 (@Kalimdor)_\",\"interval\": \"3000\",\"autoVideo\": true,\"autoRead\": true,\"autoAnswer\": true,\"videoSpeed\": \"1\",\"reviewMode\": false,\"matchRate\": \"0.9\",\"autoSubmitRate\": \"1\",\"autoSubmit\": false,\"autoSwitch\": false,\"tutorial\": true,\"randomAnswer\": false,\"threadWatch\": true,\"freeFirst\": true,\"readSpeed\": \"10\",\"notice\": \"本脚本仅供学习研究，请勿使用于非法用途！\",\"debugger\": true,\"types\": {\"单选题\": \"0\",\"多选题\": \"1\",\"填空题\": \"2\",\"判断题\": \"3\",\"简答题\": \"4\",\"名词解释\": \"5\",\"论述题\": \"6\",\"计算题\": \"7\"},\"token\": \"\",\"workinx\": 0,\"succ\": 1,\"fail\": 0}"}}