{"options":{"check_for_updates":true,"comment":null,"compat_foreach":false,"compat_metadata":false,"compat_powerful_this":null,"compat_wrappedjsobject":false,"compatopts_for_requires":true,"noframes":null,"override":{"merge_connects":true,"merge_excludes":true,"merge_includes":true,"merge_matches":true,"orig_connects":["cx.icodef.com","api.tikuhai.com","sso.chaoxing.com","mooc1-api.chaoxing.com","mooc1-1.chaoxing.com","mooc1-2.chaoxing.com","mooc2-ans.chaoxing.com","cdn.bootcdn.net","cdnjs.cloudflare.com","mooc1.chaoxing.com","fystat-ans.chaoxing.com","stat2-ans.chaoxing.com","mooc1.gdhkmooc.com","mooc2-ans.hnsyu.net","mooc1.hnsyu.net"],"orig_excludes":[],"orig_includes":[],"orig_matches":["*://*.chaoxing.com/*","*://*.edu.cn/*","*://*.nbdlib.cn/*","*://*.hnsyu.net/*","*://*.gdhkmooc.com/*"],"orig_noframes":null,"orig_run_at":"document-end","use_blockers":[],"use_connects":[],"use_excludes":[],"use_includes":[],"use_matches":[]},"run_at":null,"sandbox":null,"tab_types":null,"unwrap":null},"settings":{"enabled":false,"position":3},"meta":{"name":"🔥超星学习通小助手-章节、作业、考试覆盖98%|后台自动挂机|闯关课程|自动答题|阅读时长|公式题、图片题|1:1时长|不清进度|云端题库实时更新","uuid":"708e6c3f-7780-4218-a92c-86e53a508599","modified":1695039208012,"file_url":"https://greasyfork.org/scripts/435357-%E8%B6%85%E6%98%9F%E5%AD%A6%E4%B9%A0%E9%80%9A%E5%B0%8F%E5%8A%A9%E6%89%8B-%E7%AB%A0%E8%8A%82-%E4%BD%9C%E4%B8%9A-%E8%80%83%E8%AF%95%E8%A6%86%E7%9B%9698-%E5%90%8E%E5%8F%B0%E8%87%AA%E5%8A%A8%E6%8C%82%E6%9C%BA-%E9%97%AF%E5%85%B3%E8%AF%BE%E7%A8%8B-%E8%87%AA%E5%8A%A8%E7%AD%94%E9%A2%98-%E9%98%85%E8%AF%BB%E6%97%B6%E9%95%BF-%E5%85%AC%E5%BC%8F%E9%A2%98-%E5%9B%BE%E7%89%87%E9%A2%98-1-1%E6%97%B6%E9%95%BF-%E4%B8%8D%E6%B8%85%E8%BF%9B%E5%BA%A6-%E4%BA%91%E7%AB%AF%E9%A2%98%E5%BA%93%E5%AE%9E%E6%97%B6%E6%9B%B4%E6%96%B0/code/%F0%9F%94%A5%E8%B6%85%E6%98%9F%E5%AD%A6%E4%B9%A0%E9%80%9A%E5%B0%8F%E5%8A%A9%E6%89%8B-%E7%AB%A0%E8%8A%82%E3%80%81%E4%BD%9C%E4%B8%9A%E3%80%81%E8%80%83%E8%AF%95%E8%A6%86%E7%9B%9698%25%7C%E5%90%8E%E5%8F%B0%E8%87%AA%E5%8A%A8%E6%8C%82%E6%9C%BA%7C%E9%97%AF%E5%85%B3%E8%AF%BE%E7%A8%8B%7C%E8%87%AA%E5%8A%A8%E7%AD%94%E9%A2%98%7C%E9%98%85%E8%AF%BB%E6%97%B6%E9%95%BF%7C%E5%85%AC%E5%BC%8F%E9%A2%98%E3%80%81%E5%9B%BE%E7%89%87%E9%A2%98%7C1:1%E6%97%B6%E9%95%BF%7C%E4%B8%8D%E6%B8%85%E8%BF%9B%E5%BA%A6%7C%E4%BA%91%E7%AB%AF%E9%A2%98%E5%BA%93%E5%AE%9E%E6%97%B6%E6%9B%B4%E6%96%B0.user.js"}}